"","ShoeID","Timestamp","Date","Visit.Number","Number.of.steps","Number.of.steps_Range1000","Notes","Hours.worn.per.week","Hours.worn.per.week_Range10","Percent.time.in.study.shoes.of.total.time.wearing.shoes","Grassy.surfaces","grassy.surfaces_Clean","Indoor.surfaces","indoor.surfaces_Clean","Rocky.surfaces","rocky.surfaces_Clean","Muddy.or.other.wet.surfaces","muddy.or.other.wet.surfaces_Clean","Pavement.cement.or.similar","pavement.cement.or.similar_Clean","Sport.Activities","sports.activities_Clean","Walking","walking_Clean","Dancing","dancing_Clean","Climbing","climbing_Clean","Hiking","hiking_Clean","Biking","biking_Clean"
"1","001",2018-07-25 16:07:11,"2018-01-26",1,"282720","282,000-282,999","2 Rollovers, pedometer Broke at 45,353",NA,NA,"40-60%","9",9,"50",50,"1",1,"15",15,"25",25,"1",14.2857142857142,"5",71.4285714285714,"0",0,"0",0,"0",0,"1",14.2857142857142
"2","002",2018-07-25 16:13:35,"2018-01-25",1,"43911","43,000-43,999","""Around 10,000 a week, but there was one week during the break that I didn't bring it with me to travel.""",NA,NA,"0-20%","0.05",5,"0.9",90,"0",0,"0.05",5,"0",0,"0",0,"2",9.090909090909,"20",90.9090909090909,"0",0,"0",0,"0",0
"3","003",2018-07-25 16:16:52,"2018-01-24",1,"168429","168,000-168,999","Pedometer rolled over once.","8","0-10","20-40%","0",0,"0.8",80,"0",0,"0.05",5,"0.15",15,"6",42.8571428571428,"2",14.2857142857142,"6",42.8571428571428,"0",0,"0",0,"0",0
"4","004",2018-07-25 16:18:54,"2018-01-24",1,"98533","98,000-98,999",NA,"16"," 11-20","20-40%","0.05",5,"0.8",80,"0",0,"0.05",5,"0.1",10,"0.4",40,"0.5",50,"0",0,"0",0,"0.1",10,"0",0
"5","005",NA,"2018-01-24",1,"700118","700,000-700,999","The survey is difficult to read in regards to step number. 7 rollovers. ",NA,NA,"80-100%","0.1",10,"0.6",60,"0",0,"0.2",20,"0.1",10,"0",NA,"0.21",NA,"0",NA,"0",NA,"0",NA,"1",NA
"6","006",2018-07-25 16:21:47,"2018-01-25",1,"279998","279,000-279,999","""Reset While in bag when I was bringing it in.""","40"," 31-40","60-80%","5",5,"65",65,"5",5,"10",10,"15",15,"1",50,"1",50,"0",0,"0",0,"0",0,"0",0
"7","007",2018-07-25 16:23:46,"2018-01-24",1,"98753","98,000-98,999",NA,"14"," 11-20","20-40%","0.1",10,"0.4",40,"0",0,"0.1",10,"0.4",40,"0",0,"most",100,"0",0,"0",0,"0",0,"0",0
"8","008",2018-07-25 16:27:01,"2018-01-24",1,"156755","156,000-156,999","""Rolled over 1 time""","18"," 11-20","40-60%","0.01",1,"0.7",70,"0",0,"0.01",1,"0.28000000000000003",28,"1",14.2857142857429,"3 ""every time""",42.8571428571428,"1",14.2857142857142,"2 ""Climbing Stairs""",28.5714285714285,"0",0,"0",0
"9","009",2018-07-25 16:28:52,"2018-01-24",1,"61558","61,000-61,999","""Not rolled over.""","3","0-10","0-20%","None",0,"0.7",70,"0.05",5,"None",0,"0.25",25,"0",0,"10",100,"0",0,"0",0,"0",0,"0",0
"10","010",2018-07-25 16:32:41,"2018-01-25",1,"76090","76,000-76,999","Starting date: January 12th, Submitting date: January 25, Number of times this counter reset, Counter reset steps 14320 (approx) number of steps after counter reset: 61770",NA,NA,"40-60%","0",0,"yes",-50,"0",0,"yes",-50,"yes",-50,"0",0,"yes",-50,"0",0,"0",0,"0",0,"0",0
"11","011",2018-07-25 16:34:46,"2018-01-24",1,"78153","78,000-78,999","""0 rollovers""","16"," 11-20 ","20-40%","0",0,"0.2",20,"0.1",10,"0.6",60,"0.1",10,"0",0,"yes",-50,"0",0,"0",0,"yes",-50,"0",0
"12","012",2018-07-25 16:37:10,"2018-01-28",1,"148300","148,000-148,999",NA,"20 to 30","21-30 ","20-40%","<5%",5,">80%",80,"<5%",5,"<5%",5,"<5%",5,"yes",-50,"yes",-50,"0",0,"0",0,"0",0,"0",0
"13","013",2018-07-25 16:38:34,"2018-01-24",1,"87147","87,000-87,999",NA,"10","0-10","0-20%","0",0,"40",40,"0",0,"10",10,"50",50,"2",16.6666666666666,"10",83.3333333333333,"0",0,"0",0,"0",0,"0",0
"14","014",2018-07-25 16:41:06,"2018-01-24",1,"65064","65,000-65,999","reset",NA,NA,"20-40%","0",0,"0.2",20,"0",0,"0",0,"0.8",80,"2",33.3333333333333,"4",66.6666666666666,"0",0,"0",0,"0",0,"0",0
"15","015",2018-07-25 16:42:49,"2018-01-24",1,"186304","186,000-186,999",NA,NA,NA,NA,"0%-20%",12.5,"0",0,"0",0,"0",0,"60-80%",87.5,"0",0,"6-10 times",100,"0",0,"0",0,"0",0,"0",0
"16","016",2018-07-25 16:45:43,"2018-01-24",1,"152232","152,000-152,999",NA,NA,NA,"0-20%","0",0,"0.2",20,"0",0,"0",0,"0.8",80,"0",0,"2",66.6666666666,"0",0,"0",0,"0",0,"1",33.333333333333
"17","017",2018-07-25 16:50:22,"2018-01-24",1,"163726","163,000-163,999","""reset once at 95944""","3","0-10","40-60%","0.05",5,"0.25",25,"0.05",5,"0.05",5,"0.6",60,"1 out of 7 ",14.2857142857142,"6 out of 7",85.7142857142857,"0 out of 7",0,"0 out of 7",0,"0 out of 7",0,"0 out of 7",0
"18","018",2018-07-25 16:52:55,"2018-01-24",1,"48000","48,000-48,999","Noted by participant- Pedometer not working","2","0-10","20-40%","0",0,"yes",-50,"0",0,"yes",-50,"yes",-50,"yes",-50,"0",0,"0",0,"0",0,"0",0,"0",0
"19","019",2018-07-25 16:55:57,"2018-01-24",1,"98307","98,000-98,999","""41307, rolled over at 7,000 and at 50,000""","20"," 11-20","20-40%","0",0,"90",90,"0",0,"0",0,"10",10,"3",37.5,"5",62.5,"0",0,"0",0,"0",0,"0",0
"20","020",2018-07-25 16:58:01,"2018-01-24",1,"105025","105,000-105,999","1 rollover",NA,NA,"20-40%","0.05",5,"0.6",60,"0",0,"0.05",5,"0.3",30,"0",0,"3 to 5",100,"0",0,"0",0,"0",0,"0",0
"21","021",2018-07-25 16:59:28,"2018-01-24",1,"91697","91,000-91,999",NA,"24","21-30","20-40%","5",5,"70",70,"0",0,"5",5,"20",20,"0",0,"2",100,"0",0,"0",0,"0",0,"0",0
"22","022",2018-07-25 17:01:10,"2018-01-24",1,"115024","115,000-115,999",NA,"50","41-50","80-100%","5",5,"80",80,"0",0,"5",5,"10",10,"0",0,"1",100,"0",0,"0",0,"0",0,"0",0
"23","023",2018-07-25 17:03:55,"2018-01-24",1,"148176","148,000-148,999","""rolled over 1 time""",NA,NA,"20-40%","0.05",5,"0.45",45,"0.05",5,"0.1",10,"0.35",35,"2",5.71428571428571,"22",62.8571428571428,"11",31.4285714285714,"X",0,"X",0,"X",0
"24","024",2018-07-25 17:05:23,"2018-01-24",1,"181091","181,000-181,999",NA,"8?",NA,"20-40%","0.4",40,"0.1",10,"0.1",10,"0.1",10,"0.3",30,"0",0,"1",100,"0",0,"0",0,"0",0,"0",0
"25","025",2018-07-25 17:07:06,"2018-01-31",1,"78690","78,000-78,999",NA,NA,NA,NA,"0 to 20 ",10,"20 to 40 ",30,"0",0,"0 to 20 ",10,"40 to 60 ",50,"0",0,"3",100,"0",0,"0",0,"0",0,"0",0
"26","026",2018-07-25 17:09:47,"2018-01-24",1,"205000","205,000-205,999","""Pedometer resets - need new""","7 to 8","0-10","80-100%","0.05",5,"0.7",70,"0.05",5,"0.1",10,"0.1",10,"20",3.4965034965035,"500",87.4125874125874,"50",8.74125874125874,"1",0.17482517482517,"1",0.17482517482517,"0",0
"27","027",2018-07-25 17:12:36,"2018-01-24",1,"107332","107,000-107,999","Rolled over: 1","20"," 11-20","20-40%","0",0,"0.2",20,"0.05",5,"0.05",5,"0.7",70,"0",0,"40",100,"0",0,"0",0,"0",0,"0",0
"28","028",2018-07-25 17:14:52,"2018-01-24",1,"103540","103,000-103,999","""Rolled over once""","20 to 30","21-30","20-40%","0.1",10,"0.4",40,"0.05",5,"0.15",15,"0.3",30,"5",29.4117647058823,"10",58.8235294117647,"1",5.88235294117647,"0",0,"1",5.88235294117647,"0",0
"29","029",2018-07-25 17:16:30,"2018-01-24",1,"108806","108,000-108,999","""Rolled over 1 time""","25","21-30","60-80%","10",10,"30",30,"20",20,"10",10,"30",30,"7",50,"7",50,"0",0,"0",0,"0",0,"0",0
"30","030",2018-07-25 17:18:29,"2018-01-24",1,"135377","135,000-135,999","""Rolled over 1 time on 12/25/17""","15"," 11-20","20-40%","0.05",5,"0.4",40,"0.25",25,"0",0,"0.3",30,"0",0,"7 to 10",100,"0",0,"0",0,"0",0,"0",0
"31","031",2018-07-25 17:26:51,"2018-01-31",1,"154034","154,000-154,999","""1 Rollover""","30","21-30","0-20%","0",0,"0.6",60,"0",0,"0.1",10,"0.3",30,"0",0,"7 - everyday",100,"0",0,"0",0,"0",0,"0",0
"32","032",2018-07-26 07:33:51,"2018-01-31",1,"122085","122,000-122,999","""Rolled over 1 time""","20"," 11-20","20-40%","0.05",5,"0.4",40,"0.05",5,"0.1",10,"0.4",40,"2 to 3",33.3333333333333,"3",40,"0",0,"1 to 2",20,"0 to 1",6.6666666666666,"0",0
"33","033",2018-07-26 07:35:52,"2018-01-31",1,"153643","153,000-153,999","""Rollover 1 time""","40","31-40","60-80%","0",0,"0.7",70,"0",0,"0",0,"0.3",30,"0",0,"6 days/week",100,"0",0,"0",0,"0",0,"0",0
"34","034",2018-07-26 07:38:32,"2018-01-31",1,"270044","270,000-270,999","""rolled over twice"", the entire chart 1 may be in ours (see paper survey) ","30 to 35","31-40","80-100%","5",5.43478260869565,"30 hours",32.6086956521739,"2",2.17391304347826,"25",27.1739130434783,"30",32.6086956521739,"5",12.5,"30",75,"2",5,"2",5,"0",0,"1",2.5
"35","035",2018-07-26 07:40:38,"2018-01-31",1,"235540","235,000-235,999","""Rolled over 2 times""","32","31-35","40-60%","0.1",10,"0.15",15,"0",0,"0.1",10,"0.65",65,"3 to 4 times",41.1764705882352,"5 times",58.8235294117647,"0",0,"0",0,"0",0,"0",0
"36","036",2018-07-26 07:42:56,"2018-01-31",1,"179318","179,000-179,999","""Rolled over once""","24","21-30","0-20%","1 over 8",12.5,"4 over 8",50,"0",0,"1 over 8",12.5,"1 over 4",25,"once a week",33.3333333,"twice a week",66.6666666666,"0",0,"0",0,"0",0,"0",0
"37","037",2018-07-26 07:45:14,"2018-01-30",1,"152999","152,000-152,999","""reset 1 time""","15 to 20"," 11-20","40-60%","0.35",30.4347826086957,"0.2",17.3913043478261,"0.1",8.69565217391304,"0",0,"0.5",43.4782608695652,"5 or more",50,"5 or more",50,"0",0,"0",0,"0",0,"0",0
"38","038",2018-07-26 07:47:42,"2018-01-31",1,"287648","287,000-287,999","""2 rollouts""",NA,NA,"40-60%","0.1",10,"0.05",5,"0.4",40,"0.1",10,"0.35",35,"5",12.5,"20",50,"0",0,"0",0,"10",25,"5",12.5
"39","039",2018-07-26 07:49:48,"2018-02-02",1,"139559","139,000-139,999","""1 rollout""","30","21-30",NA,"0.15",15,"0.15",15,"0.05",5,"0.05",5,"0.6",60,"1",25,"3",75,"0",0,"0",0,"0",0,"0",0
"40","040",2018-07-26 07:52:46,"2018-01-31",1,"129282","129,000-129,999","""Need new Pedometer""","30","21-30","40-60%","5",5,"40",40,"10",10,"5",5,"40",40,"3 to 2 hour times",NA,"5 days/week",NA,"0",NA,"0",NA,"2X 1hour/week",NA,"0",NA
"41","041",2018-07-26 07:58:45,"2018-01-31",1,"59473","59,000-59,999","reset once","about 8 to 10",NA,"20-40%","0.03",3,"0.8",80,"0.02",2,"0.05",5,"0.1",10,"5 times",62.5,"3 times",37.5,"0",0,"0",0,"0",0,"0",0
"42","042",2018-07-26 08:01:23,"2018-01-31",1,"172957","172,000-172,999","1 rollover and 1 reset","8 to 10","0-10","0-20%","0.25",25,"0.05",5,"0.2",20,"0.1",10,"0.4",40,"0",0,"1",100,"0",0,"0",0,"0",0,"0",0
"43","043",2018-07-26 08:02:49,NA,1,"80035","80,000-80,999",NA,"14"," 11-20","80-100%","10",10,"20",20,"0",0,"10",10,"60",60,"0",0,"6",85.7142857142857,"1",14.2857142857142,"0",0,"0",0,"0",0
"44","044",2018-07-26 08:05:04,"2018-01-31",1,"138350","138,000-138,999",NA,"3","0-10","20-40%","0.1",10,"0.05",5,"0",0,"0",0,"0.85",85,"0",0,"3",100,"0",0,"0",0,"0",0,"0",0
"45","045",2018-07-26 08:07:37,"2018-01-31",1,"182135","182,000-182,999","rolled over 1 time","5 to 7","0-10","20-40%","0",0,"0.5",50,"0.1",10,"0",0,"0.4",40,"yes",-50,"yes",-50,"0",0,"0",0,"yes",-50,"0",0
"46","046",2018-07-26 08:09:30,"2018-01-31",1,"36597","36,000-36,999",NA,"21","21-30","0-20%","5",5,"45",45,"5",5,"15",15,"30",30,"5",33.333333333,"7",46.6666666666,"0",0,"0",0,"0",0,"3",20
"47","047",2018-07-26 08:11:30,"2018-01-31",1,"42642","42,000-42,999","""reset once/died once, No rollover""","12"," 11-20","20-40%","10",11.1111111111111,"40",44.4444444444444,"0",0,"0",0,"40",44.4444444444444,"0",0,"3",100,"0",0,"0",0,"0",0,"0",0
"48","048",2018-07-26 08:13:42,"2018-01-24",1,"500993","500,000-500,999","rolled over 5 times","60","51-60","80-100%","10",10,"20",20,"10",10,"10",10,"50",50,"3",10.7142857142857,"20",71.4285714285714,"0",0,"0",0,"0",0,"5",17.8571428571428
"49","049",2018-07-26 08:15:35,"2018-01-31",1,"186281","186,000-186,999","Rolled over at 60,000","30","21-30","40-60%","0.05",5.05050505050505,"0.4",40.4040404040404,"0.02",2.02020202020202,"0.02",2.02020202020202,"0.5",50.5050505050505,"0",0,"6",100,"0",0,"0",0,"0",0,"0",0
"50","050",2018-07-26 08:24:34,"2018-01-31",1,"338145","338,000-338,999","Rolled over 3x, rolled over 1 time without hitting 100,000","100 to 110","101-110","60-80%","0.01",1,"0.47",47,"0.01",1,"0.01",1,"0.5",50,"1-2 times",3.8961038961039,"30-40 times",90.9090909090909,"2 times",5.19480519480519,"0",0,"0",0,"0",0
"51","051",2018-07-26 08:26:57,"2018-01-31",1,"239238","239,000-239,999","2 times rolled over","25","21-30","60-80%","0.08",8,"0.02",2,"0.01",1,"0.01",1,"0.88",88,"3",30,"6",60,"0",0,"0",0,"1",10,"0",0
"52","052",2018-07-26 08:28:33,"2018-01-31",1,"403958","403,000-403,999","4 times rolled over","60","51-60","80-100%","0",0,"0.5",50,"0",0,"0.25",25,"0.25",25,"5",40,"6 to 7",52,"0",0,"0",0,"0",0,"1",8
"53","053",2018-07-26 08:34:30,"2018-01-24",1,"230314","230,000-230,999","2 times rolled over","72","71-80","40-60%","0.4",21.6216216216216,"0.6",32.4324324324324,"0.1",5.40540540540541,"0.05",2.7027027027027,"0.7",37.8378378378378,"5",50,"5",50,"0",0,"0",0,"0",0,"0",0
"54","054",2018-07-26 08:36:46,"2018-01-31",1,"211145","211,000-211,999","Rollover 2 times","40","31-40","80-100%","10",10,"40",40,"5",5,"5",5,"40",40,"5",38.4615384615384,"7",53.84615,"0",0,"0",0,"0",0,"1",7.69230769230769
"55","056",2018-07-26 08:40:25,"2018-01-31",1,"401228","401,000-401,999","4 times rolled over","8","0-10","60-80%","5",5,"70",70,"5",5,"10",10,"10",10,"2",20,"4",40,"0",0,"0",0,"4 (less than one)",40,"0",0
"56","057",2018-07-26 08:45:45,"2018-03-07",1,"109080","109,000-109,999",NA,"16"," 11-20","0-20%","0",0,"0.8",80,"0",0,"0",0,"20",20,"0",0,"16",100,"0",0,"0",0,"0",0,"0",0
"57","058",2018-07-26 08:47:38,"2018-01-31",1,"390668","390,000-390,999","3 roll overs",NA,NA,"60-80%","5",5,"70",70,"10",10,"5",5,"10",10,"1",16.6666666666,"5",83.3333333333,"0",0,"0",0,"0",0,"0",0
"58","059",2018-07-26 08:49:29,"2018-01-24",1,"217092","217,000-217,999","rolled over twice",NA,NA,"40-60%","0",0,"0.9",90,"0",0,"0.1",10,"0",0,"0",0,"100%, 4/7 days",100,"0",0,"0",0,"0",0,"0",0
"59","060",2018-07-26 10:36:00,"2018-01-31",1,"612660","612,000-612,999","6 times rolled over.","60","51-60","80-100%","0.2",20,"0.5",50,"0.1",10,"0.05",5,"0.15",15,"0.05",5,"0.9",90,"0",0,"0",0,"0.05",5,"0",0
"60","061",2018-07-26 10:37:33,"2018-02-07",1,"127512","127,000-127,999","1 roll over","40","31-40","40-60%","0.05",5,"0.25",25,"0",0,"0.1",10,"0.6",60,"3",27.272727272727,"7",63.6363636363636,"1",9.9090909090909,"0",0,"0",0,"0",0
"61","062",2018-07-26 10:38:55,"2018-02-07",1,"83643","83,000-83,999","No rollover","10","0-10",NA,"0",0,"0.6",60,"0",0,"0.05",5,"0.35",35,"0",0,"3",75,"1",25,"0",0,"0",0,"0",0
"62","063",2018-07-26 10:40:25,"2018-02-14",1,"85928","85,000-85,999",NA,"40 to 50","41-50","40-60%","0.1",10,"0.3",30,"0.05",5,"0.15",15,"0.4",40,"2",40,"3",60,"0",0,"0",0,"0",0,"0",0
"63","064",2018-07-26 10:42:31,"2018-02-07",1,"86975","86,000-86,999",NA,"70","61-70","60-80%","0.1",10,"0.3",30,"0",0,"0.1",10,"0.5",50,"5",29.4117647058823,"7",41.1176470588235,"0",0,"0",0,"0",0,"5",29.4117647058823
"64","065",2018-07-26 10:43:56,"2018-02-07",1,"204590","204,000-204,999","2 rollovers","6","0-10","40-60%","0",0,"70",70,"10",10,"0",0,"20",20,"0",0,"6",100,"0",0,"0",0,"0",0,"0",0
"65","066",2018-07-26 10:45:05,"2018-02-14",1,"21532","21,000-21,999",NA,"3.5","0-10","0-20%","0.15",15,"0.1",10,"0.05",5,"0.3",30,"0.4",40,"1",25,"3",75,"0",0,"0",0,"0",0,"0",0
"66","067",2018-07-26 10:46:24,"2018-02-07",1,"104308","104,000-104,999","1 roll over","24","21-30","20-40%","20",20,"60",60,"0",0,"0",0,"20",20,"0",0,"5",100,"0",0,"0",0,"0",0,"0",0
"67","068",2018-07-26 10:50:02,"2018-02-07",1,"127720","127,000-127,999","1 rollover","120","111-120","80-100%","0.1",10,"0.4",40,"0.1",10,"0.1",10,"0.3",30,"2x a week",14.2857142857142,"7x a week",50,"4x a week",28.5714285714285,"1x a week",7.14285714285714,"0x a week",0,"0x a week",0
"68","069",2018-07-26 10:51:41,"2018-02-07",1,"90998","90,000-90,999",NA,"30","21-30","20-40%","0",0,"70",70,"0",0,"10",10,"20",20,"4",50,"4",50,"0",0,"0",0,"0",0,"0",0
"69","070",2018-07-26 10:53:13,"2018-02-07",1,"85812","85,000-85,999",NA,"24","21-30","0-20%","20",14.2857142857143,"20",14.2857142857143,"20",14.2857142857143,"20",14.2857142857143,"60",42.8571428571429,"9",NA,"all the time",NA,"0",NA,"0",NA,"0",NA,"20 times",NA
"70","071",2018-07-26 10:54:28,"2018-02-15",1,"31346","31,000-31,999","No rollovers","30","21-30","40-60%","0",0,"0",0,"0",0,"0.5",50,"0.5",50,"5",50,"5",50,"0",0,"0",0,"0",0,"0",0
"71","072",2018-07-26 10:55:52,"2018-02-08",1,"31628","31,000-31,999",NA,NA,NA,"60-80%","0.01",1,"0.01",1,"0.01",1,"7.0000000000000007E-2",7,"0.9",90,"0",0,"3",75,"0",0,"0",0,"1",25,"0",0
"72","074",2018-07-26 10:59:47,"2018-02-07",1,"56815","56,000-56,999","""9 hrs. To, from, and on campus = 36?""","36?",NA,"40-60%","least",-50,"most",-50,"0",0,"most",-50,"most",-50,"3",42.8571428571428,"4",57.1428571428571,"0",0,"0",0,"0",0,"0",0
"73","075",2018-07-26 11:01:44,"2018-02-07",1,"53068","53,000-53,999",NA,"30 to 35","31-40","20-40%","28",28,"55",55,"2",2,"0",0,"15",15,"2",25,"6",75,"0",0,"0",0,"0",0,"0",0
"74","076",2018-07-26 11:04:28,"2018-02-21",1,"47651","47,000-47,999",NA,"3","0-10","0.2","0",0,"0.4",40,"0.2",20,"0",0,"0.4",40,"50% 3-4",50,"50% 3-4",50,"0",0,"0",0,"0",0,"0",0
"75","077",2018-07-26 11:07:48,"2018-02-07",1,"101541","101,000-101,999","reset","16"," 11-20","80-100%","0.1",10,"0.3",30,"0.05",5,"0.15",15,"0.4",40,"0",0,"10 to 12",52.38095238,"0",0,"0",0,"0",0,"10",47.619047619047
"76","078",2018-07-26 11:09:56,"2018-02-07",1,"30664","30,000-30,999","Blank for Day","24-36","21-30","40-60%","0",0,"0.4",40,"0.1",10,"0.1",10,"0.4",40,"2",15.3846153846153,"10+",76.9230769230769,"1",7.69230769230769,"0",0,"0",0,"0",0
"77","079",2018-07-26 11:11:34,"2018-02-07",1,"10241","10,000-10,999",NA,NA,NA,"40-60%","0.1",10,"0.3",30,"0.1",10,"0.3",30,"0.2",20,"1",4.1666666666,"20",83.333333333333,"0",0,"0",0,"0",0,"3",12.5
"78","080",2018-07-26 11:13:16,"2018-02-07",1,"245120","245,000-245,999","2 rollovers","40","31-40","40-60%","5",5,"35",35,"20",20,"5",5,"35",35,"5",38.4615384615384,"5",38.4615384615384,"0",0,"0",0,"3",23.076923076923,"0",0
"79","081",2018-07-26 11:14:32,"2018-01-31",1,"53582","53,000-53,999",NA,NA,NA,"20-40%","0",0,"0.8",80,"0",0,"0",0,"0.2",20,"0",0,"1",1,"0",0,"0",0,"0",0,"0",0
"80","082",2018-07-26 11:17:20,"2018-02-08",1,"131897","131,000-131,999","rolled over once and an accidental reset","12"," 11-20","20-40%","0",0,"0.6",60,"0.1",10,"0.2",20,"0.1",10,"2 times",33.3333333,"3 times",50,"1 times",16.6666666666,"0",0,"0",0,"0",0
"81","083",2018-07-26 11:19:16,"2018-02-07",1,"42568","42,000-42,999",NA,"12"," 11-20","20-40%","0",0,"0.8",80,"0",0,"0.05",5,"0.15",15,"0",0,"4-5 times/week",100,"0",0,"0",0,"0",0,"0",0
"82","084",2018-07-26 11:21:01,"2018-02-21",1,"43248","43,000-43,999",NA,"24","21-30","20-40%","0",0,"0.4",40,"0",0,"0.1",10,"0.5",50,"0",0,"2x",100,"0",0,"0",0,"0",0,"0",0
"83","085",2018-07-26 11:22:49,"2018-02-07",1,"41064","41,000-41,999",NA,NA,NA,NA,"0",0,"0.4",40,"0.1",10,"0.2",20,"0.3",30,"0",0,"7 times/week",100,"0",0,"0",0,"0",0,"0",0
"84","086",2018-07-26 11:24:30,"2018-02-21",1,"22717","22,000-22,999","no rollover","10","0-10","40-60%","0",0,"0.5",50,"0",0,"0.2",20,"0.3",30,"0",0,"7/week",100,"0",0,"0",0,"0",0,"0",0
"85","087",2018-07-26 11:27:02,"2018-02-07",1,"70071","70,000-70,999",NA,"80","71-80","20-40%","0",0,"0.35",35,"0.05",5,"0.3",30,"0.3",30,"0.3",30,"0.6",60,"0.1",10,"0",0,"0",0,"0",0
"86","088",2018-07-26 11:28:54,"2018-02-07",1,"115802","115,000-115,999","one rollover","16"," 11-20","20-40%","0",0,"0.9",90,"0",0,"0",0,"0.1",10,"0",0,"everytime",100,"0",0,"0",0,"0",0,"0",0
"87","089",2018-07-26 11:31:11,"2018-01-31",1,"105194","105,000-105,999","Rolled over once","20"," 11-20","40-60%","0",0,"10",50,"0",0,"2",10,"8",40,"4",33.3333333333,"8",66.6666666666666,"0",0,"0",0,"0",0,"0",0
"88","090",2018-07-26 11:33:19,"2018-02-07",1,"54406","54,000-54,999",NA,NA,NA,"20-40%","0.1",10,"0.4",40,"0",0,"0.1",10,"0.4",40,"2",33.33333333,"3",50,"1",16.66666666,"0",0,"0",0,"0",0
"89","091",2018-07-26 11:35:15,"2018-02-15",1,"122533","122,000-122,999","1 roll over","30","21-30","40-60%","0.1",10,"0.4",40,"0.1",10,"0.2",20,"0.2",20,"4",40,"4",40,"2",20,"0",0,"0",0,"0",0
"90","092",2018-07-26 11:36:52,"2018-02-14",1,"113277","113,000-113,999","1 roll over","20"," 11-20","20-40%","0",0,"90",90,"0",0,"0",0,"10",10,"0",0,"3",100,"0",0,"0",0,"0",0,"0",0
"91","093",2018-07-26 11:39:00,"2018-02-14",1,"121024","121,000-121,999","1 rollover","20"," 11-20","80-100%","0",0,"0",0,"0",0,"snow - 80%",80,"pavement - 20%",20,"0",0,"5-6 times",100,"0",0,"0",0,"0",0,"0",0
"92","094",2018-07-26 11:42:15,"2018-02-14",1,"76966","76,000-76,999",NA,"10","0-10","0-20%","0",0,"0.5",50,"0",0,"0.2",20,"0.3",30,"0",0,"3",100,"0",0,"0",0,"0",0,"0",0
"93","095",2018-07-26 11:45:04,"2018-02-14",1,"95598","95,000-95,999",NA,"40","31-40","60-80%","0",0,"0.8",80,"0",0,"0.1",10,"0.1",10,"3",NA,"@ work 8-5",NA,"0",NA,"0",NA,"0",NA,"0",NA
"94","096",2018-07-26 11:47:08,"2018-02-14",1,"142030","142,000-142,999",NA,"40","31-40","60-80%","0",0,"0.8",80,"0",0,"0.1",10,"0.1",10,"4",100,"0",NA,"0",NA,"0",NA,"0",NA,"0",NA
"95","097",2018-07-26 11:49:50,"2018-02-14",1,"125999","125,000-125,999",NA,"40","31-40","60-80%","0",0,"0.8",80,"0",0,"0.1",10,"0.1",10,"5",NA,"@ work 8-5",NA,"0",NA,"0",NA,"0",NA,"0",NA
"96","098",2018-07-26 11:55:37,"2018-02-14",1,"300036","300,000-300,999","3 roll overs","60","51-60","60-80%","0.1",10,"0.35",35,"0.1",10,"0.25",25,"0.2",20,"0",0,">4 days - 5 days",81.8181818181818,"0",0,"0",0,"0",0,"1 day",18.181818181818
"97","099",2018-05-15 14:55:16,"2018-02-14",1,"119662","119,000-119,999",NA,"35","31-40","60-80%","0",0,"100% of the time (unlegible)",100,"0",0,"0",0,"0",0,"0",0,"5 days/wk 100% walking between labs and stairs",100,"0",0,"0",0,"0",0,"0",0
"98","100",2018-05-15 15:05:15,"2018-02-13",1,"135030","135,000-135,999",NA,"50","41-50","60-80%","0",0,"75",75,"0",0,"20",20,"5",5,"0",0,"100",100,"0",0,"0",0,"0",0,"0",0
"99","101",2018-05-15 14:27:33,"2018-02-14",1,"19575","19,000-19,999","no rollovers","20"," 11-20","20-40%","0",0,"80",80,"0",0,"10",10,"10",10,"none",0,"all",100,"none",0,"none",0,"none",0,"none",0
"100","102",2018-05-15 14:22:33,"2018-02-14",1,"56450","56,000-56,999",NA,"20"," 11-20","20-40%","0.05",5,"0.6",60,"0.05",5,"0.1",10,"0.2",20,"2",40,"3",60,"0",0,"0",0,"0",0,"0",0
"101","103",2018-05-15 14:40:11,"2018-02-14",1,"429484","429,000-429,999","4 rolled over count","40","31-40","80-100%","0.05",5,"0.7",70,"0",0,"0",0,"0.25",25,"6",37.5,"10",62.5,"0",0,"0",0,"0",0,"0",0
"102","104",2018-05-15 14:52:27,"2018-02-14",1,"143944","143,000-143,999","1 rollover ","50","41-50","80-100%","0",0,"0.6",60,"0",0,"0",0,"0.4",40,"0",0,"5 days/wk",100,"0",0,"0",0,"0",0,"0",0
"103","105",2018-05-15 15:12:07,"2018-02-14",1,"163332","163,000-163,999","1 rollover ",NA,NA,"80-100%","0.01",1,"0.01",1,"0.03",3,"0.1",10,"0.85",85,"0",0,"6",100,"0",0,"0",0,"0",0,"0",0
"104","106",2018-05-15 14:51:29,"2018-02-14",1,"49713","49,000-49,999","reset","8 to10","0-10","0-20%","0",0,"80",80,"0",0,"0",0,"20",20,"0",0,"1x week",100,"0",0,"0",0,"0",0,"0",0
"105","107",2018-05-15 15:00:25,"2018-02-14",1,"58348","58,000-58,999",NA,NA,NA,"40-60%","0",0,"30",21.4285714285714,"10",7.142857142,"40% of that it was wet",28.5714285714285,"60",42.8571428571428,"1",6.25,"14",87.5,"0",0,"0",0,"1",6.25,"0",0
"106","108",2018-05-15 15:10:52,"2018-02-14",1,"58300","58,000-58,999",NA,"8"," 0-10","20-40%","0",0,"20",20,"0",0,"20",20,"60",60,"0 (Possibly 4)",NA,"1 to 2",NA,"0",NA,"0",NA,"0",NA,"0",NA
"107","109",2018-05-15 14:58:47,"2018-02-14",1,"86055","86,000-86,999","Pedometer reset","20 to 30","21-30","20-40%","0.1",10,"0.15",15,"0.05",5,"0.2",20,"0.5",50,"1",18.1818181818181,"3 to 4",63.6363636363636,"0",0,"0",0,"0",0,"0",0
"108","110",2018-05-15 15:03:32,"2018-02-14",1,"131313","131,000-131,999","Reset ","20 to 25","21-25","20-40%","0",0,"0.2",20,"0",0,"0.05",5,"0.75",75,"2 hrs/wk",9.09090909090909,"20 hrs/wk",90.9090909090909,"0",0,"0",0,"0",0,"0",0
"109","111",2018-05-15 14:24:02,"2018-02-14",1,"101935","101,000-101,999","1 rollover","32","31-40","40-60%","0",0,"0.8",80,"0",0,"0.05",5,"0.15",15,"3x",33.3333333333333,"4x",44.4444444444444,"-",0,"-",0,"-",0,"2x",22.222222222222
"110","112",2018-05-15 15:09:07,"2018-02-14",1,"148350","148,000-148,999","1 rollover","25 to 30","21-30","40-60%","0.05",5,"0.25",25,"0.1",10,"0.1",10,"0.5",50,"2",22.2222222222,"3",3.3333333333,"0",0,"0",0,"3",3.3333333,"1",11.111111111111
"111","113",2018-05-15 11:52:27,"2018-02-15",1,"38922","38,000-38,999",NA,"40","31-40","60-80%","0",0,"0.2",20,"0",0,"0.6",60,"0.2",20,"4",44.4444444444444,"5",55.5555555555555,"0",0,"0",0,"0",0,"0",0
"112","114",2018-05-11 10:21:38,"2018-02-15",1,"38687","38,000-38,999",NA,"30","21-30","20-40%","0",0,"0.7",70,"0",0,"0.1",10,"0.2",20,"0",NA,"12 days, Monday, Wednesday per week",NA,"2 times (2 days)",NA,"0",NA,"0",NA,"0",NA
"113","115",2018-05-15 14:46:57,"2018-02-14",1,"101097","101,000-101,999","1 rollover ",NA,NA,"60-80%","0",0,"0.8",80,"0",0,"0",0,"0.2",20,"2",18.1818181818181,"8 to 10",81.8181818181818,"0",0,"0",0,"0",0,"0",0
"114","116",2018-05-15 14:43:36,"2018-02-14",1,"52820","52,000-52,999",NA,"18"," 11-20","20-40%","0",0,"0.2",20,"0",0,"0.1",10,"0.7",70,"0",0,"4",80,"1",20,"0",0,"0",0,"0",0
"115","117",2018-05-15 14:44:41,"2018-02-14",1,"91394","91,000-91,999",NA,"10 to 12"," 11-20","20-40%","0",0,"0.7",70,"0",0,"0.1",10,"0.2",20,"4 times",57.1428571428571,"3 times",42.8571428571428,"0",0,"0",0,"0",0,"0",0
"116","118",2018-05-15 14:42:50,"2018-02-14",1,"116991","116,000-116,999","1 rollover ","35","31-40","60-80%","0.05",5,"0.4",40,"0",0,"0.05",5,"0.5",50,"0",0,"0.95",95,"0",0,"0",0,"0",0,"0.05",5
"117","119",2018-05-15 14:41:56,"2018-02-14",1,"1887",NA,"accidentally reset--not sure what actual reading is","24 to 30 ","21-30","0-20%","0.03",3,"0.45",45,"0.04",4,"0.03",3,"0.45",45,"0",0,"2",66.666666,"1",33.333333,"0",0,"0",0,"0",0
"118","120",2018-05-15 14:26:05,"2018-02-14",1,"222636","222,000-222,999","2 rollovers","8","0-10","60-80%","15",13.6363636363636,"20",18.1818181818182,"0",0,"5",4.54545454545455,"70",63.6363636363636,"Jogging x 1 week",12.5,"every day",87.5,"0",0,"0",0,"0",0,"0",0
"119","121",2018-05-15 12:04:10,"2018-02-21",1,"260293","260,000-260,999","2 rollovers","100","91-100","80-100%","0.1",10,"0.3",30,"0.1",10,"0.25",25,"0.25",25,"0",0,"30",100,"0",0,"0",0,"0",0,"0",0
"120","122",2018-05-15 11:39:26,"2018-02-21",1,"231658","231,000-231,999","rollover 2 times","120","111-120","60-80%","0",0,"0.3",30,"0",0,"0.3",30,"0.4",40,"5",45.4545454545454,"5",45.4545454545454,"0",0,"0",0,"0",0,"1",9.090909090909
"121","123",2018-05-15 14:14:15,"2018-02-21",1,"49877","49,000-49,999",NA,NA,NA,NA,"0",0,"0.2",20,"0.2",20,"0.1",10,"0.5",50,"2",25,"5",62.5,"0",0,"0",0,"0",0,"1",12.5
"122","124",2018-05-15 12:00:11,"2018-02-21",1,"120353","120,000-120,999","1 rollover","10","0-10","40-60%","0",0,"0.06",13.0434782608696,"0",0,"0.05",10.8695652173913,"0.35",76.0869565217391,"1",25,"3",75,"0",0,"0",0,"0",0,"0",0
"123","125",2018-05-11 10:19:10,"2018-02-21",1,"185613","185,000-185,999",NA,"48","41-50","60-80%","5.0000000000000001E-3",0.5,"0.93",93,"5.0000000000000001E-3",0.5,"0.01",1,"0.05",5,"1/day",14.2857142857142,"6/day",85.7142855714,"0",0,"0",0,"0",0,"0",0
"124","126",2018-05-11 10:16:42,"2018-02-21",1,"172307","172,000-172,999",NA,"65","61-70","60-80%","4.0000000000000001E-3",0.4,"0.92",92,"6.0000000000000001E-3",0.6,"0.01",1,"0.06",6,"12 hours",18.4615384615384,"53 hours",81.538461538461,"0",0,"0",0,"0",0,"0",0
"125","127",2018-05-15 12:02:19,"2018-02-21",1,"44085","44,000-44,999","0 rollovers","6 to 7 ","0-10","40-60%","0",0,"0.2",22.2222222222222,"0",0,"0.2",22.2222222222222,"0.5",55.5555555555556,"1",16.66666666,"4",66.6666666666666,"1",16.66666666,"0",0,"0",0,"0",0
"126","128",2018-05-15 12:01:32,"2018-02-21",1,"50775","50,000-50,999",NA,"14"," 11-20","20-40%","0",0,"0.4",40,"0",0,"0.2",20,"0.4",40,"0",0,"2",100,"0",0,"0",0,"0",0,"0",0
"127","129",2018-05-15 11:42:35,"2018-02-21",1,"55137","55,000-55,999",NA,"8","0-10","20-40%","0.05",5,"0.05",5,"0",0,"0",0,"0.9",90,"2 hours",25,"6 hours",75,"0",0,"0",0,"0",0,"0",0
"128","130",2018-05-15 14:09:56,"2018-02-21",1,"126660","126,000-126,999",NA,"18 to 20 hours"," 11-20","40-60%","0.05",5,"0.15",15,"0",0,"0.05",5,"0.75",75,"0",0,"7 hours/day",100,"0",0,"0",0,"0",0,"0",0
"129","131",2018-05-15 11:41:30,"2018-02-21",1,"163186","163,000-163,999","one rollover",NA,NA,NA,"0 to 20%",7.69230769230769,"40 to 60%",38.4615384615385,"0 to 20%",7.69230769230769,"0 to 20%",7.69230769230769,"40 to 60%",38.4615384615385,"2",18.1818181818181,"5",45.4545454545454,"0",0,"0",0,"0",0,"4",36.3636363636363
"130","133",2018-05-15 11:40:33,"2018-02-21",1,"119754","119,000-119,999","rollover once","25","21-30","40-60%","0.05",5,"0.6",60,"0.05",5,"0.05",5,"0.25",25,"3",15.7894736842105,"15",78.9473684210526,"1",5.26315789,"0",0,"0",0,"0",0
"131","134",2018-05-11 10:02:19,"2018-02-21",1,"103195","103,000-103,999",NA,"6 to 8hr/day -> 30 to 40 hr/week","31-40","40-60%","hardly ever <5%",0,"0.5",50,"0.15",15,"0.05",5,"30",30,"2",28.5714285714285,"5",71.428,"0",0,"0",0,"0",0,"0",0
"132","135",2018-05-15 11:57:13,"2018-02-20",1,"90018","90,000-90,999","0 rollovers","10","0-10","80-100%","0.01",1,"0.01",1,"0.08",8,"0.3",30,"0.6",60,"5",23.8095238095,"10 to 20",71.4285714284,"0",0,"0",0,"0",0,"1",4.761904761
"133","136",2018-05-11 10:15:16,"2018-02-21",1,"81000","81,000-81,999",NA,"15"," 11-20","0-20%","0.1",10,"0.2",20,"0",0,"0.1",10,"0.6",60,"0",0,"2",50,"0",0,"0",0,"0",0,"2",50
"134","137",2018-05-15 11:47:03,"2018-02-21",1,"169101","169,000-169,999","one rollover","40","31-40","80-100%","0",0,"0.7",70,"0",0,"0",0,"0.3",30,"1",9.9090909090909,"10",90.9090909090909,"0",0,"0",0,"0",0,"0",0
"135","138",2018-05-15 14:12:04,"2018-02-21",1,"58713","58,000-58,999",NA,"30","21-30","40-60%","5",5,"40",40,"0",0,"25",25,"30",30,"0",0,"3",100,"0",0,"0",0,"0",0,"0",0
"136","139",2018-05-11 09:57:35,"2018-02-21",1,"4",NA,"It looks like they were going to write another number in steps, but it was not completed. -JEK",NA,NA,NA,"0.04",4,"0.01",1,"0.05",5,"0.2",20,"0.7",70,"1 time",20,"4 times",80,"0",0,"0",0,"0",0,"0",0
"137","140",2018-05-11 10:03:28,"2018-02-23",1,"71867","71,000-71,999",NA,NA,NA,"20-40%","0",0,"0.6",54.5454545454545,"0",0,"0.1",9.09090909090909,"0.4",36.3636363636364,"2 days/wk",50,"2 days/wk",50,"0",0,"0",0,"0",0,"0",0
"138","141",2018-05-15 11:50:33,"2018-02-21",1,"389072","389,000-389,999",NA,"60","51-60","80-100%","10",10,"40",40,"0",0,"10",10,"40",40,"6",40,"7",46.66666666666,"0",0,"0",0,"0",0,"2",13.333333333
"139","142",2018-05-15 11:51:32,"2018-02-21",1,"178403","178,000-178,999",NA,"20"," 11-20","80-100%","0.05",5,"0.7",70,"0.05",5,"0.1",10,"0.1",10,"0",0,"100% of the time",100,"0",0,"0",0,"0",0,"0",0
"140","143",2018-05-15 14:08:17,"2018-02-21",1,"79844","79,000-79,999",NA,"20"," 11-20","20-40%","0.05",5,"0.05",5,"0.05",5,"0.35",35,"0.5",50,"1",33.333333333333,"2",60.66666666666,"0",0,"0",0,"0",0,"0",0
"141","144",2018-05-15 12:06:46,"2018-02-21",1,"178166","178,000-178,999",NA,"40, 4 x10 hour days","31-40","60-80%","0.05",5,"0.4",40,"0.05",5,"0.1",10,"0.4",40,"<1",20,"4",80,"0",0,"0",0,"0",0,"0",0
"142","145",2018-05-15 11:49:49,"2018-02-21",1,"145251","145,000-145,999",NA,"15"," 11-20","40-60%","2.5000000000000001E-2",2.5,"0.4",40,"2.5000000000000001E-2",2.5,"0.05",5,"0.5",50,"4",26.666666666666,"7",46.66666666666,"2",13.333333333333,"0",0,"2",13.333333333333,"0",0
"143","146",2018-05-15 12:04:50,"2018-02-21",1,"25262","25,000-25,999",NA,"7","0-10","20-40%","0",0,"0.2",20,"0",0,"0.4",40,"0.4",40,"0",0,"2",66.66666666666,"1",33.3333333333,"0",0,"0",0,"0",0
"144","147",2018-05-15 11:54:31,"2018-02-20",1,"123162","123,000-123,999",NA,"5 to 6 hours","0-10","20-40%","0.25",25,"0.25",25,"0",0,"0.25",25,"0.25",25,"0",0,"All of the steps are from walking",100,"0",0,"0",0,"0",0,"0",0
"145","148",2018-05-15 11:45:47,"2018-02-21",1,"108000","108,000-108,999",NA,"10","0-10",NA,"0",0,"0.85",87.6288659793814,"0",0,"0.02",2.06185567010309,"0.1",10.3092783505155,"6 to 7",48.1481481481481,"7",51.85185185185,"0",0,"0",0,"0",0,"0",0
"146","149",2018-05-15 14:16:27,"2018-02-21",1,"61500","61,000-61,999",NA,"14"," 11-20","20-40%","0",0,"0.2",20,"0.2",20,"0.3",30,"0.3",30,"3",30,"7",70,"0",0,"0",0,"0",0,"0",0
"147","150",2018-05-11 10:12:55,"2018-02-22",1,"132226","132,000-132,999",NA,"6","0-10","80-100%","5",5,"70",70,"5",5,"5",5,"15",15,"0",0,"all walking",100,"0",0,"0",0,"0",0,"0",0
"148","151",2018-05-15 14:13:06,"2018-02-21",1,"147444","147,000-147,999",NA,"15"," 11-20","20-40%","0.1",10,"0.5",50,"0",0,"0",0,"0.4",40,"3",42.8571428571428,"2",28.5714285714285,"2",28.5714285714285,"0",0,"0",0,"0",0
"149","152",2018-05-15 11:58:13,"2018-02-21",1,"130668","130,000-130,999",NA,"10","0-10","0-20%","0",0,"0.9",90,"0",0,"0.1",10,"0",0,"7",87.5,"1",12.5,"0",0,"0",0,"0",0,"0",0
"150","153",2018-05-15 11:59:32,"2018-02-21",1,"58730","58,000-58,999",NA,"25","21-30","20-40%","0",0,"25",62.5,"0",0,"10",25,"5",12.5,"0",0,"15",83.33333333333,"3",16.6666666666,"0",0,"0",0,"0",0
"151","155",2018-05-11 10:01:07,"2018-02-21",1,"72018","72,000-72,999",NA,"8","0-10","20-40%","0",0,"0.1",10,"0.2",20,"0.1",10,"0.6",60,"0",0,"3days",100,"0",0,"0",0,"0",0,"0",0
"152","156",2018-05-15 12:05:32,"2018-02-21",1,"58123","58,000-58,999",NA,"20"," 11-20","40-60%","15",15,"35",35,"0",0,"25",25,"25",25,"1",16.6666666666,"5",83.33333333333,"0",0,"0",0,"0",0,"0",0
"153","157",2018-05-15 11:48:45,"2018-02-21",1,"111955","111,000-111,999",NA,"20 to 30 hours","21-30","20-40%","0",0,"0.6",60,"0",0,"0.1",10,"0.3",30,"0",0,"3 to 4 days",100,"0",0,"0",0,"0",0,"0",0
"154","159",2018-05-15 14:11:00,"2018-02-21",1,"52873","52,000-52,999",NA,"about 12 to 15",NA,"20-40%","0.05",5,"0.3",30,"0.05",5,"0.2",20,"0.4",40,"0 to 1",14.2857142857142,"2 to 3",71.4285714285714,"0 to 1",14.2857142857142,"0",0,"0",0,"0",0
"155","160",2018-05-15 11:47:41,"2018-02-21",1,"59700","59,000-59,999",NA,"30","21-30","20-40%","15",15,"25",25,"5",5,">5",5,"50",50,"1",25,"3",75,"0",0,"0",0,"0",0,"0",0
"156","001",2018-03-23 15:46:52,"2018-03-01",2,"135718","135,000-135,999","1 rollover","50","41-50","60-80%","0.05",5,"0.75",75,"0",0,"0.05",5,"0.15",15,"0",0,"0",0,"0",0,"0",0,"0",0,"0",0
"157","002",2018-03-23 16:22:36,"2018-03-02",2,"31514","31,000-31,999","put 3-4 for average hours shoes were worn, o rollovers","3 to 4","0-10","20-40%","0",0,"1",100,"0",0,"0",0,"0",0,"1 time",20,"0",0,"4 times",80,"0",0,"0",0,"0",0
"158","003",2018-03-23 16:11:16,"2018-02-28",2,"85317","85,000-85,999",NA,"6","0-10","20-40%","0",0,"0.8",80,"0",0,"0.2",20,"0",0,"3",20,"6",40,"6",40,"0",0,"0",0,"0",0
"159","004",2018-03-23 16:13:53,"2018-02-28",2,"68668","68,000-68,999",NA,"30","21-30","40-60%","0",0,"0.8",80,"0",0,"0",0,"0.2",20,"3",30,"7",70,"0",0,"0",0,"0",0,"0",0
"160","005",2018-03-23 15:58:38,"2018-02-28",2,"504601","504,000-504,999",NA,NA,NA,"80-100%","0.05",5,"0.7",70,"0",0,"0.2",20,"0.05",5,"7",41.1764705882352,"7",41.1764705882352,"0",0,"0",0,"0",0,"3",17.6470588235294
"161","006",2018-03-23 15:55:21,"2018-02-28",2,"156766","156,000-156,999",NA,NA,NA,"60-80%","0.05",5,"0.2",20,"0.05",5,"0.4",40,"0.3",30,"0",0,"3",100,"0",0,"0",0,"0",0,"0",0
"162","007",2018-03-23 16:12:35,"2018-02-28",2,"30452","30,000-30,999",NA,"8","0-10","20-40%","12",12,"40",40,"2",2,"6",6,"40",40,"0",0,"12",100,"0",0,"0",0,"0",0,"0",0
"163","008",2018-03-23 16:19:01,"2018-02-28",2,"93521","93,000-93,999",NA,NA,NA,"60-80%","8",8,"50",50,"2",2,"15",15,"25",25,"0",0,"7",77.777777777,"2",22.2222222222,"0",0,"0",0,"0",0
"164","009",2018-03-23 16:23:23,"2018-03-01",2,"32629","32,000-32,999","no rollovers","4","0-10","0-20%","0",0,"0.5",50,"0",0,"0",0,"0.5",50,"0",0,"5",100,"0",0,"0",0,"0",0,"0",0
"165","010",2018-03-23 15:53:10,"2018-02-28",2,"146225","146,000-146,999",NA,NA,NA,"40-60%","5",5,"20",20,"5",5,"35",35,"35",35,"15",15,"85",85,"0",0,"0",0,"0",0,"0",0
"166","011",2018-03-23 16:03:04,"2018-02-28",2,"39000","39,000-39,999",NA,"16"," 11-20","20-40%","0.1",10,"0.4",40,"0",0,"0.1",10,"0.4",40,"0",0,"2",100,"0",0,"0",0,"0",0,"0",0
"167","012",2018-03-22 13:28:26,"2018-03-10",2,"49000","49,000-49,999","no rollovers","6 to 10","0-10","20-40%","<5%",5,"0.8",80,"<5%",5,"0",0,"0.1",10,"0.8",80,"0.15",15,"0",0,"0",0,"0.05",5,"0",0
"168","013",2018-03-23 15:59:40,"2018-02-28",2,"104576","104,000-104,999","one rollover","10","0-10","0-20%","0",0,"0.33",33.3333333333333,"0",0,"0.33",33.3333333333333,"0.33",33.3333333333333,"2",12.57142857,"5",71.4285714288571,"0",0,"0",0,"0",0,"0",0
"169","014",2018-03-23 15:57:05,"2018-02-28",2,"79900","79,000-79,999",NA,NA,NA,"20-40%","0",0,"0.4",40,"0",0,"0.1",10,"0.5",50,"0",0,"4",100,"0",0,"0",0,"0",0,"0",0
"170","015",2018-03-23 16:01:50,"2018-02-28",2,"208119","208,000-208,999","put 30-40 for average hours shoes were worn, 2 rollovers","30 to 40","31-40","80-100%","0-20%",6.66666666666667,"80-100%",60,"0-20%",6.66666666666667,"0-20%",6.66666666666667,"20-40%",20,"0-20%",7.14285714285714,"80-100%",64.2857142857142,"0-20%",7.14285714285714,"0-20%",7.14285714285714,"0-20%",7.14285714285714,"0-20%",7.14285714285714
"171","016",2018-03-23 15:56:18,"2018-02-28",2,"177873","177,000-177,999","one rollover","30","21-30","40-60%","0",0,"20",20,"0",0,"40",40,"40",40,"0",0,"7",100,"0",0,"0",0,"0",0,"0",0
"172","017",2018-03-23 15:54:18,"2018-02-28",2,"83945","83,000-83,999",NA,"3","0-10","40-60%","0",0,"0.8",80,"0",0,"0.1",10,"0.1",10,"3",42.857142857142,"4",57.1428571428571,"0",0,"0",0,"0",0,"0",0
"173","018",2018-03-23 15:51:49,"2018-02-28",2,"31283","31,000-31,999",NA,"2","0-10","0-20%","0",0,"100",100,"0",0,"0",0,"0",0,"1",50,"1",50,"0",0,"0",0,"0",0,"0",0
"174","019",2018-03-23 16:05:36,"2018-02-28",2,"106000","106,000-106,999",NA,"20"," 11-20","0-20%","0",0,"85",85,"0",0,"5",5,"10",10,"2",40,"3",60,"0",0,"0",0,"0",0,"0",0
"175","020",2018-03-23 16:10:14,"2018-03-02",2,"35000","35,000-35,999","put 16-24 for average hours shoes were worn, not 100% sure on steps. The pemomiter reset twice","16 to 24?",NA,"20-40%","0.05",5,"0.7",70,"0",0,"0.05",5,"0.2",20,"0",0,"3 to 4 ",100,"0",0,"0",0,"0",0,"0",0
"176","021",2018-03-23 16:06:31,"2018-02-28",2,"60342","60,000-60,999",NA,"25","21-30","20-40%","0",0,"0.6",60,"0",0,"0.1",10,"0.3",30,"0",0,"2",100,"0",0,"0",0,"0",0,"0",0
"177","022",2018-03-23 16:08:16,"2018-02-28",2,"51796","51,000-51,999",NA,"45","41-50","60-80%","0",0,"0.8",80,"0",0,"0.1",10,"0.1",10,"0",0,"1",100,"0",0,"0",0,"0",0,"0",0
"178","023",2018-03-23 15:43:24,"2018-03-01",2,"109699","109,000-109,999",NA,NA,NA,"20-40%","0.1",10,"0.4",40,"0.1",10,"0.2",20,"0.2",20,"0",0,"15",42.8571428571428,"20",57.1428571428571,"0",0,"0",0,"0",0
"179","026",2018-03-23 16:17:33,"2018-02-28",2,"350000","350,000-350,999",NA,"60","51-60","80-100%","0.05",5,"0.15",15,"0.1",10,"0.2",20,"0.5",50,"20",8.47457627118644,"200",84.7457627118644,"10",4.2372881355,"5",2.11864406779661,"1",0.42372881355932,"0",0
"180","027",2018-03-23 15:49:38,"2018-02-28",2,"27808","27,000-27,999",NA,"8","0-10","20-40%","0",0,"0.45",45,"0.05",5,"0",0,"0.5",50,"0",0,"30",100,"0",0,"0",0,"0",0,"0",0
"181","028",2018-03-23 16:15:39,"2018-02-28",2,"34896","34,000-34,999",NA,"16"," 11-20","20-40%","0.1",9.09090909090909,"0.5",45.4545454545455,"0",0,"0.2",18.1818181818182,"0.3",27.2727272727273,"1",16.6666666666,"4",66.6666666666666,"0",0,"0",0,"1",16.666666666666,"0",0
"182","029",2018-03-23 16:21:27,"2018-03-01",2,"58401","58,000-58,999","put 15-20 for average hours shoes were worn, no rollover","15 to 20"," 11-20","60-80%","5",5,"25",25,"15",15,"5",5,"50",50,"4",26.66666666666,"10",66.666666666666,"0",0,"0",0,"1",6.66666666666666,"0",0
"183","030",2018-03-23 16:04:09,"2018-02-28",2,"80823","80,000-80,999",NA,"14"," 11-20","0-20%","0",0,"95",95,"0",0,"0",0,"5",5,"0",0,"6",100,"0",0,"0",0,"0",0,"0",0
"184","031",2018-03-22 14:07:46,"2018-03-07",2,"48522","48,000-48,999","put 10-12 hours for average hours shoes were worn","10 to 12"," 11-20","20-40%","0",0,"0.8",80,"0",0,"0",0,"0.2",20,"0",0,"7",100,"0",0,"0",0,"0",0,"0",0
"185","032",2018-03-23 15:17:43,"2018-03-07",2,"79592","79,000-79,999",NA,"20"," 11-20","20-40%","0.15",15,"0.2",20,"0",0,"0.15",15,"0.5",50,"1 to 2",21.4285714285714,"5 to 6",78.5714285714285,"0",0,"0",0,"0",0,"0",0
"186","033",2018-03-23 15:42:05,"2018-03-07",2,"148777","148,000-148,999",NA,"35","31-40","60-80%","0",0,"0.9",90,"0",0,"0",0,"0.1",10,"0",0,"4 hours/day",100,"0",0,"0",0,"0",0,"0",0
"187","034",2018-03-23 15:34:59,"2018-03-07",2,"109745","109,000-109,999",NA,NA,NA,"40-60%","8 hours",21.6216216216216,"10 hours",27.027027027027,"1 hour",2.7027027027027,"8 hours",21.6216216216216,"10 hours",27.027027027027,"3 hours",11.5384615384615,"20 hours",76.9230769230769,"1 hour",3.84615384615385,"1 hour",3.84615384615385,"0 hours",0,"1 hour",3.84615384615385
"188","035",2018-03-23 15:40:54,"2018-03-07",2,"59591","59,000-59,999",NA,"40","31-40","60-80%","0.1",10,"0.05",5,"0",0,"0.05",5,"0.8",80,"4",40,"6",60,"0",0,"0",0,"0",0,"0",0
"189","036",2018-03-23 15:36:40,"2018-03-07",2,"56145","56,000-56,999",NA,"24","21-30","20-40%","0",0,"0.5",50,"0",0,"0.25",25,"0.25",25,"1 day",50,"1 day",50,"0",0,"0",0,"0",0,"0",0
"190","037",2018-03-23 15:27:53,"2018-03-07",2,"26382","26,000-26,999","put 15-20 for average hours shoes were worn","15 to 20 hours"," 11-20","80-100%","0",0,"0.9",46.6321243523316,"0.1",5.18134715025907,"0.03",1.55440414507772,"0.9",46.6321243523316,"2 hours aprox",18.181818181818,"at least 8 hours",72.7272727272727,"1",9.09090909090909,"0",0,"0",0,"0",0
"191","038",2018-03-23 15:22:11,"2018-03-07",2,"80570","80,000-80,999",NA,NA,NA,"40-60%","0",0,"0.85",85,"0.1",10,"0",0,"0.05",5,"0",0,"40",93.0232558139534,"0",0,"0",0,"3",6.97694418604651,"0",0
"192","039",2018-03-23 15:38:59,"2018-03-07",2,"36142","36,000-36,999",NA,"10","0-10",NA,"20",20,"20",20,"5",5,"5",5,"50",50,"2",40,"3",60,"0",0,"0",0,"0",0,"0",0
"193","040",NA,NA,2,"58572","58,000-58,999","Despite this survey not having a visit number or  date, the forms for the 1st and 3rd visits are present and date/visit are available. It was concluded that this survey was from visit 2.        - JEK",NA,NA,"20-40%","5",5,"60",60,"0",0,"5",5,"30",30,"0",0,"7",77.7777777777777,"0",0,"0",0,"1",11.1111111111,"1",11.1111111111111
"194","041",2018-03-22 14:04:16,"2018-03-07",2,"84200","84,000-84,999",NA,"7","0-10","0-20%","0.15",15,"0.3",30,"0.05",5,"0.1",10,"0.4",40,"3",50,"3",50,"0",0,"0",0,"0",0,"0",0
"195","042",2018-03-22 13:30:12,"2018-03-08",2,"32000","32,000-32,999",NA,NA,NA,"0-20%","0.15",13.6363636363636,"0.1",9.09090909090909,"0.05",4.54545454545455,"0.1",9.09090909090909,"0.7",63.6363636363636,"2",14.2857142857148,"12",85.7142857142857,"0",0,"0",0,"0",0,"0",0
"196","043",2018-03-22 14:09:39,"2018-03-07",2,"66809","66,000-66,999",NA,"10","0-10","60-80%","10",10,"40",40,"5",5,"5",5,"40",40,"0",0,"15",100,"0",0,"0",0,"0",0,"0",0
"197","044",2018-03-23 15:33:08,"2018-03-07",2,"142595","142,000-142,999",NA,NA,NA,"20-40%","0",0,"0.05",5,"0.05",5,"0.1",10,"0.8",80,"0",0,"5",100,"0",0,"0",0,"0",0,"0",0
"198","045",2018-03-22 14:00:26,"2018-03-07",2,"75514","75,000-75,999",NA,"12"," 11-20","40-60%","0",0,"0.2",20,"0",0,"0.05",5,"0.75",75,"yes",-50,"yes",-50,"0",0,"0",0,"0",0,"0",0
"199","046",2018-03-23 15:14:28,"2018-03-07",2,"136307","136,000-136,999",NA,NA,NA,"20-40%","0",0,"60",60,"0",0,"40",40,"0",0,"10",10,"80",80,"0",0,"0",0,"0",0,"10",10
"200","047",2018-03-23 15:39:48,"2018-03-07",2,"41247","41,000-41,999",NA,"9","0-10","0-20%","0",0,"0",0,"0",0,"10",10,"90",90,"0",0,"2",100,"0",0,"0",0,"0",0,"0",0
"201","048",2018-03-22 14:03:24,"2018-03-07",2,"227586","227,000-227,999",NA,"72","71-80","40-60%","10",10,"10",10,"0",0,"10",10,"70",70,"1",6.25,"10",62.5,"0",0,"0",0,"0",0,"5",31.25
"202","049",2018-03-22 14:08:37,"2018-03-07",2,"72392","72,000-72,999",NA,"30","21-30","40-60%","10",10,"50",50,"10",10,"0",0,"30",30,"0",0,"25",100,"0",0,"0",0,"0",0,"0",0
"203","050",2018-03-22 14:06:23,"2018-03-07",2,"191558","191,000-191,999",NA,NA,NA,"40-60%","1",1,"70",70,"0",0,"1",1,"28",28,"2",11.7647058823529,"15",88.235294117647,"0",0,"0",0,"0",0,"0",0
"204","051",2018-03-22 14:02:15,"2018-03-07",2,"104944","104,000-104,999",NA,"16"," 11-20","20-40%","0",0,"yes",-50,"0",0,"yes",-50,"yes",-50,"yes",-50,"yes",-50,"0",0,"0",0,"0",0,"0",0
"205","052",2018-03-22 13:31:27,"2018-03-07",2,"202158","202,000-202,999","needs new pedomiter",NA,NA,"40-60%","0",0,"0.25",25,"0",0,"0.25",25,"0.5",50,"5",50,"5",50,"0",0,"0",0,"0",0,"0",0
"206","053",2018-03-23 15:37:49,"2018-03-07",2,"81702","81,000-81,999","put 14-18 for average hours shoes were worn","14 to 18"," 11-20","20-40%","0.05",5,"0.8",80,"0",0,"0.05",5,"0.1",10,"None",0,"5x a week",100,"None",0,"None",0,"None",0,"None",0
"207","054",2018-03-23 15:20:50,"2018-03-07",2,"101845","101,000-101,999","1 rollover","30","21-30","80-100%","10",10,"60",60,"5",5,"5",5,"20",20,"6",37.5,"7",43.75,"1",6.25,"0",0,"1",6.25,"1",6.25
"208","055",2018-03-23 15:24:11,"2018-03-07",2,"201024","201,000-201,999","2 rollovers","40","31-40","60-80%","20",20,"35",35,"5",5,"10",10,"30",30,"6",30,"6",30,"3",15,"2",10,"3",15,"0",0
"209","056",2018-03-22 14:05:27,"2018-03-07",2,"100599","100,000-100,999",NA,"at least 30",NA,"40-60%","0.1",10,"0.6",60,"0.05",5,"0.15",15,"0.1",10,"1",14.2857142857142,"4 days a week",57.1428571428571,"0",0,"0",0,"2",28.5714285714285,"0",0
"210","058",2018-03-23 15:25:32,"2018-03-07",2,"60452","60,000-60,999","no rollover",NA,NA,"40-60%","0",0,"0.95",95,"0",0,"0.05",5,"0",0,"0",0,"25",100,"0",0,"0",0,"0",0,"0",0
"211","059",2018-03-23 15:18:54,"2018-03-07",2,"50963","50,000-50,999","put 50-70 for average hours shoes were worn","50 to 70","51-60","40-60%","0",0,"0.8",80,"0",0,"0.1",10,"0.1",10,"0",0,"7 out of 7",100,"0",0,"0",0,"0",0,"0",0
"212","060",2018-03-23 15:32:13,"2018-03-07",2,"208624","208,000-208,999",NA,"60","51-60","80-100%","5",5,"80",80,"5",5,"5",5,"5",5,"2x a week",20,"7x a week",70,"0",0,"0",0,"1x a week",10,"0",0
"213","061",2018-03-22 13:23:33,"2018-03-21",2,"151348","151,000-151,999",NA,"25","21-30","40-60%","0.05",5,"0.45",45,"0",0,"0.25",25,"0.25",25,"1",14.2857142857142,"5",71.4285714285714,"0",0,"0",0,"1",14.2857142857142,"0",0
"214","062",2018-03-22 13:37:16,"2018-03-21",2,"156396","156,000-156,999",NA,"10","0-10","20-40%","0.04",4,"0.86",86,"0",0,"0.05",5,"0.05",5,"2",14.2857142857142,"7",50,"4",28.5714285714285,"0",0,"1",7.14285714285714,"0",0
"215","063",2018-03-22 13:42:37,"2018-03-21",2,"196303","196,000-196,999","put 40-45 hours for how many hours they wore the shoes in a week","40 to 50","41-50","40-60%","0.2",20,"0.4",40,"0",0,"0.2",20,"0.2",20,"2",33.33333333333,"4",66.6666666666,"0",0,"0",0,"0",0,"0",0
"216","064",2018-03-22 13:58:53,"2018-03-21",2,"219203","219,000-219,999","2 rollovers","70","61-70","80-100%","0.1",10,"0.3",30,"0.1",10,"0",0,"0.5",50,"10 times",NA,"typical daily walking",NA,"None",NA,"None",NA,"None",NA,"10 times",NA
"217","065",2018-03-22 13:45:13,"2018-03-21",2,"255831","255,000-255,999",NA,"5","0-10","40-60%","0",0,"60",60,"10",10,"0",0,"30",30,"5",50,"5",50,"0",0,"0",0,"0",0,"0",0
"218","066",2018-04-10 15:23:24,"2018-03-27",2,"40237","40,000-40,999",NA,"4.5","0-10","0-20%","0.2",20,"0.2",20,"0",0,"0.2",20,"0.4",40,"0",0,"2",100,"0",0,"0",0,"0",0,"0",0
"219","067",2018-03-22 13:24:31,"2018-03-21",2,"223090","223,000-223,999",NA,"35","31-40","20-40%","0",0,"0.6",60,"0",0,"0.1",10,"0.3",30,"3",10.714228571428,"25",89.2857142857142,"0",0,"0",0,"0",0,"0",0
"220","068",2018-03-22 13:41:11,"2018-03-21",2,"235873","235,000-235,999",NA,"60","51-60","80-100%","0.1",10,"0.3",30,"0.1",10,"0.1",10,"0.4",40,"7x",NA,"7x",NA,"6 hours/3x",NA,"1 hour / 1x",NA,"0 hours/0x",NA,"0hours/0x",NA
"221","069",2018-03-22 13:57:29,"2018-03-21",2,"120596","120,000-120,999",NA,"20"," 11-20","20-40%","5",5,"65",65,"0",0,"5",5,"25",25,"3",23.076923076923,"10",76.9230769230769,"0",0,"0",0,"0",0,"0",0
"222","070",2018-03-22 13:26:37,"2018-03-21",2,"14412","14,000-14,999",NA,NA,NA,NA,"0.3",30,"0.4",40,"0",0,"0.1",10,"0.2",20,"10-12 times",18.9655172413793,"40-50 times",77.5862068965517,"0",0,"0",0,"0",0,"2 times",3.44827586206897
"223","071",2018-03-22 13:51:57,"2018-03-21",2,"76554","76,000-76,999","0 rollovers","35","31-40","60-80%","0",0,"0",0,"0.6",60,"0.2",20,"0.2",20,"50% (5)",50,"50% (7)",50,"0",0,"0",0,"0",0,"0",0
"224","072",2018-04-10 15:21:40,"2018-03-23",2,"125511","125,000-125,999","1 rollover","20x6=120",NA,"60-80%","20",20,"0",0,"20",20,"30",30,"30",30,"0",0,"4",57.1428571428571,"0",0,"0",0,"1",14.2857142857142,"2",28.5714285714285
"225","073",2018-03-22 13:48:45,"2018-03-21",2,"23092","23,000-23,999",NA,NA,NA,"40-60%","0.1",10,"0.4",40,"0.1",10,"0.1",10,"0.3",30,"2x per week",NA,"7(week)x 3(day)=21",NA,"0",NA,"0",NA,"0",NA,"0",NA
"226","074",2018-03-22 13:35:12,"2018-03-21",2,"123677","123,000-123,999",NA,NA,NA,"20-40%","0.25",25,"0.5",50,"0",0,"0",0,"0.25",25,"4x",66.6666666666666,"2x",33.333333333333,"0",0,"0",0,"0",0,"0",0
"227","075",2018-03-22 13:49:47,"2018-03-21",2,"151027","151,000-151,999",NA,NA,NA,NA,"5",5,"75",75,"0",0,"0",0,"20",20,"3",42.8571428571428,"4",57.1428571428571,"0",0,"0",0,"0",0,"0",0
"228","077",2018-03-22 13:54:56,"2018-03-21",2,"167409","167,000-167,999",NA,"70","61-70","60-80%","0.1",10,"0.2",20,"0.05",5,"0.05",5,"0.6",60,"0",0,"10",37.037037037037,"0",0,"0",0,"2",7.40740740740741,"15",55.55555555555
"229","078",2018-04-10 15:19:48,"2018-03-22",2,"125246","125,000-125,999","1 rollover","40+",NA,"20-40%","0.1",10,"0.2",20,"0.1",10,"0.1",10,"0.5",50,"5",9.09090909090909,"30+",54.5454545454545,"0",0,"0",0,"0",0,"20+",36.3636363636363
"230","080",2018-03-22 13:39:28,"2018-03-21",2,"133765","133,000-133,999",NA,NA,NA,"40-60%","0.2",20,"0.2",20,"0.25",25,"0.15",15,"0.2",20,"3",25,"4",33.333333,"0",0,"2",16.6666666666,"2",16.6666666666,"1",8.33333333333333
"231","081",2018-03-22 13:59:40,"2018-03-21",2,"144515","144,000-144,999",NA,"10","0-10","20-40%","0",0,"0.8",80,"0",0,"0",0,"0.2",20,"0",0,"4x per week",100,"0",0,"0",0,"0",0,"0",0
"232","082",2018-03-22 13:32:28,"2018-03-21",2,"51123","51,000-51,999",NA,"4","0-10","20-40%","0.1",10,"0.5",50,"0",0,"0.1",10,"0.3",30,"3",42.8571428571428,"3",42.8571428571428,"1",14.2857142857142,"0",0,"0",0,"0",0
"233","083",2018-03-22 13:50:51,"2018-03-21",2,"62937","62,000-62,999",NA,NA,NA,"0-20%","0",0,"0.5",50,"0",0,"0.2",20,"0.3",30,"0",0,"1 to 2 times",100,"0",0,"0",0,"0",0,"0",0
"234","084",2018-03-22 13:36:09,"2018-03-21",2,"60700","60,000-60,999",NA,"72","71-80","40-60%","0",0,"0.4",40,"0",0,"0.1",10,"0.5",50,"0",0,"4",100,"0",0,"0",0,"0",0,"0",0
"235","085",2018-04-10 15:18:57,"2018-03-22",2,"51863","51,000-51,999","Did not roll over",NA,NA,NA,"0 to 20",7.69230769230769,"20to 40",23.076923076923,"0 to 20",7.69230769230769,"0 to 20",7.69230769230769,"60 to 80",53.8461538461538,"1",12.5,"7",87.5,"None",0,"None",0,"None",0,"None",0
"236","086",2018-03-22 13:22:03,"2018-03-22",2,"34856","34,000-34,999","Did not roll over","10","0-10","20-40%","0.2",20,"0.4",40,"0",0,"0.2",20,"0.2",20,"0",NA,"5",100,"0",0,"0",0,"0",0,"0",0
"237","087",2018-03-22 13:44:15,"2018-03-21",2,"62800","62,000-62,999",NA,"65","61-70","40-60%","0.05",5,"0.35",35,"0.1",10,"0.2",20,"0.3",30,"0.2",20,"0.6",60,"0",0,"0.1",10,"0.1",10,"0",0
"238","088",2018-04-10 15:25:09,"2018-04-06",2,"148153","148,000-148,999","1 rollover","15"," 11-20","20-40%","0.03",3.1578947368421,"0.8",84.2105263157895,"0",0,"0.02",2.10526315789474,"0.1",10.5263157894737,"3",20,"12",80,"0",0,"0",0,"0",0,"0",0
"239","089",2018-03-22 13:56:30,"2018-03-21",2,"1501062","1,501,000-1,501,999","15 rollover","40","31-40","80-100%","0.1",10,"0.2",20,"0",0,"0.2",20,"0.5",50,"3",30,"7",70,"0",0,"0",0,"0",0,"0",0
"240","090",2018-03-22 13:33:43,"2018-03-21",2,"34472","34,000-34,999",NA,"12"," 11-20","20-40%","5",5,"20",20,"10",10,"5",5,"60",60,"2",40,"2",40,"1",20,"0",0,"0",0,"0",0
"241","091",2018-04-10 15:28:51,"2018-03-28",2,NA,NA,NA,"7ish",NA,"20-40%","0",0,"0.65",65,"0.05",5,"0.1",10,"0.2",20,"4",50,"3",37.5,"0",0,"0",0,"1",12.5,"0",0
"242","092",2018-04-10 14:56:22,"2018-03-28",2,"121575","121,000-121,999",NA,"24","21-30","20-40%","0",0,"80",80,"0",0,"10",10,"10",10,"0",0,"100",100,"0",0,"0",0,"0",0,"0",0
"243","093",2018-04-10 15:02:47,"2018-03-28",2,"182903","182,000-182,999","1 rollover",NA,NA,"60-80%","0",0,"0",0,"0",0,"0",0,"100",100,"0",0,"4 to 5",81.8181818181818,"1",18.1818181818181,"0",0,"0",0,"0",0
"244","094",2018-04-10 15:14:50,"2018-03-28",2,"100429","100,000-100,999",NA,"about 10",NA,"20-40%","0",0,"0.5",45.8715596330275,"0.1",9.1743119266055,"0.24",22.0183486238532,"0.25",22.9357798165138,"1",25,"3",75,"0",0,"0",0,"0",0,"0",0
"245","095",2018-04-10 15:28:09,"2018-03-28",2,"106789","106,000-106,999",NA,NA,NA,NA,NA,NA,NA,NA,NA,NA,NA,NA,NA,NA,NA,NA,NA,NA,NA,NA,NA,NA,NA,NA,NA,NA
"246","096",2018-04-10 14:52:14,"2018-03-28",2,"128580","128,000-128,999",NA,"40","31-40","40-60%","0.1",10,"0.8",80,"0",0,"0",0,"0.1",10,"3",60,"0",0,"0",0,"0",0,"0",0,"2",40
"247","097",2018-04-10 14:54:59,"2018-03-28",2,"124822","124,000-124,999",NA,"60","51-60","60-80%","10",10,"80",80,"0",0,"0",0,"10",10,"3",NA,"All Day",NA,"0",NA,"0",NA,"0",NA,"2 times a week",NA
"248","098",2018-04-10 15:16:15,"2018-03-28",2,"500642","500,000-500,999",NA,"40","31-40","60-80%","0.05",5,"0.5",50,"0.1",10,"0.2",20,"0.15",15,"yes",-50,"yes",-50,"No",0,"yes",-50,"No",0,"yes (gym)",-50
"249","099",2018-04-10 15:07:33,"2018-03-28",2,"159864","159,000-159,999",NA,"38","31-40",NA,"0",0,"0.95",95,"0",0,"0",0,"0.05",5,"0",0,"1",1,"0",0,"0",0,"0",0,"0",0
"250","100",2018-04-10 14:50:30,"2018-03-29",2,"172000","172,000-172,999",NA,"40","31-40","40-60%","10",10,"70",70,"0",0,"10",10,"10",10,"0",0,"Roughly 30000 steps",100,"0",0,"0",0,"0",0,"0",0
"251","101",2018-04-10 15:09:08,"2018-03-28",2,"120396","120,000-120,999","1 rollover","10","0-10","20-40%","0.1",10,"0.65",65,"0.05",5,"0.1",10,"0.1",10,"1 time",9.9090909090909,"8 times",72.7272727272727,"2",18.1818181818181,"0",0,"0",0,"0",0
"252","102",2018-04-10 15:13:54,"2018-03-28",2,"164300","164,000-164,999",NA,"40","31-40","40-60%","0.1",10,"0.8",80,"0",0,"0",0,"0.1",10,"2",28.5714285714285,"5",71.4285714285714,"0",0,"0",0,"0",0,"0",0
"253","103",2018-03-22 13:53:20,"2018-03-21",2,"461367","461,000-461,999","4 times rolled over",NA,NA,"60-80%","0.05",5,"0.55000000000000004",55,"0.05",5,"0",0,"0.35",35,"6",37.5,"10",62.5,"0",0,"0",0,"0",0,"0",0
"254","104",2018-04-10 15:10:28,"2018-03-28",2,"200866","200,000-200,999","2 rollovers",NA,NA,"80-100%","0.4",40,"0.2",20,"0.05",5,"0.05",5,"0.3",30,"0.1",10,"0.8",80,"0",0,"0",0,"0",0,"0.1",10
"255","105",2018-04-10 14:57:29,"2018-03-28",2,"143172","143,000-143,999",NA,"50","41-50","80-100%","0.01",1,"0.6",60,"0.02",2,"0.02",2,"0.35",35,"0",0,"1",100,"0",0,"0",0,"0",0,"0",0
"256","106",2018-04-10 14:51:19,"2018-03-29",2,"51000","51,000-51,999",NA,"8","0-10","0-20%","0",0,"60",60,"0",0,"0",0,"40",40,"0",0,"2",100,"0",0,"0",0,"0",0,"0",0
"257","107",2018-04-10 15:17:36,"2018-03-28",2,"108468","108,000-108,999",NA,NA,NA,"40-60%","0",0,"0.4",40,"0.05",5,"0.15",15,"0.4",40,"0.1",10,"0.8",80,"0",0,"0",0,"0.1",10,"0",0
"258","108",2018-04-10 14:59:27,"2018-03-28",2,"53957","53,000-53,999",NA,"8","0-10","20-40%","0",0,"0",0,"0",0,"5",25,"15",75,"0",0,"5",71.4285714285714,"0",0,"0",0,"0",0,"2",28.5714285714285
"259","109",2018-04-10 15:00:35,"2018-03-28",2,"100000+",NA,"The participant recorded 100,000+ steps instead of a solid number. -JEK","20+",NA,"40-60%","10",10,"25",25,"15",15,"10",10,"40",40,"2x",NA,"5+x",NA,"0",NA,"1 week in colorado 4 days",NA,"'",NA,"0",NA
"260","110",2018-04-10 15:01:43,"2018-03-28",2,"112102","112,000-112,999",NA,"15"," 11-20","20-40%","0.05",5,"0.15",15,"0.35",35,"0.05",5,"0.4",40,"2",16.6666666666666,"5",41.6666666666666,"0",0,"0",0,"5",41.6666666666,"0",0
"261","111",2018-04-10 15:11:57,"2018-03-28",2,"124392","124,000-124,999",NA,"40","31-40","40-60%","0.1",10,"0.6",60,"0.1",10,"0.1",10,"0.1",10,"3x",27.2727272727272,"5x",45.4545454545454,"0",0,"0",0,"2x",18.1818181818181,"1x",9.09090909090909
"262","112",2018-04-10 15:08:27,"2018-03-28",2,"101328","101,000-101,999","1 rollover","56","51-60","60-80%","0.1",12.5,"0.1",12.5,"0.3",37.5,"0.2",25,"0.1",12.5,"0",0,"15",50,"0",0,"2",6.66666666666666,"3",10,"10",33.3333333333333
"263","114",2018-05-09 15:50:45,"2018-03-30",2,"37974","37,000-37,999",NA,"16"," 11-20","0-20%???","0",0,"0.75",73.170731707317,"0",0,"less than 5%",4.8780487804878,"20% to 25%",21.9512195121951,"1 time a week every other week",12.5,"3 to 4 times a week",87.5,"0",0,"0",0,"0",0,"0",0
"264","115",2018-04-10 14:53:46,"2018-03-28",2,"123738","123,000-123,999",NA,"32","31-40","60-80%","0",0,"0.8",80,"0",0,"0.1",10,"0.1",10,"1",14.2857142857142,"6",85.7142857142857,"0",0,"0",0,"0",0,"0",0
"265","116",2018-04-10 15:04:53,"2018-03-28",2,"55549","55,000-55,999",NA,"20"," 11-20","20-40%",">1%",33.3333333333333,"0.3",10,">1%",33.3333333333333,"0.1",3.33333333333333,"0.6",20,"0",0,"15",88.235294117647,"2",11.7647058823529,"0",0,"0",0,"0",0
"266","117",2018-04-10 15:03:33,"2018-03-28",2,"126976","126,000-126,999",NA,"20"," 11-20","40-60%","0.05",5,"0.6",60,"0",0,"0.05",5,"0.3",30,"1 hour a week",NA,"3 days a week",NA,"0",0,"0",0,"0",0,"0",0
"267","118",2018-04-10 15:22:38,"2018-03-27",2,"126867","126,000-126,999","1 rollover","32","31-40","60-80%","0.2",20,"0.2",20,"0",0,"0.1",10,"0.5",50,"0",0,"10",83.333333333333,"0",0,"0",0,"0",0,"2",16.6666666666666
"268","119",2018-04-10 15:05:58,"2018-03-28",2,"224452","224,000-224,999",NA,"12"," 11-20","0-20%","25",25,"25",25,"13",13,"12",12,"25",25,"15",15,"80",80,"5",5,"0",0,"0",0,"0",0
"269","120",2018-04-10 15:12:37,"2018-03-28",2,"208076","208,000-208,999",NA,"30","21-30","60-80%","0.1",10,"0.1",10,"0.15",15,"0.05",5,"0.6",60,"2/week",10.5263157894736,"17 times/week",89.4736842105263,"0",0,"0",0,"0",0,"0",0
"270","121",2018-04-10 14:43:36,"2018-04-04",2,"278858","278,000-278,999","10 hours a day on weekdays and 5 hours a day on weekends","60","51-60","80-100%","0.1",10,"0.2",20,"0.05",5,"0.05",5,"0.6",60,"0",0,"30",96.7741935483871,"0",0,"0",0,"1",3.2258064516129,"0",0
"271","122",2018-04-10 14:32:44,"2018-04-04",2,"197436","197,000-197,999",NA,"40","31-40","60-80%","0.1",10,"0.5",50,"0",0,"0.1",10,"0.3",30,"50% 4",50,"50% 6",50,"0",0,"0",0,"0",0,"0",0
"272","124",2018-04-10 14:28:32,"2018-04-04",2,"85335","85,000-85,999",NA,NA,NA,"40-60%","0.01",1,"0.19",19,"0",0,"0",0,"0.8",80,"0",0,"6",100,"0",0,"0",0,"0",0,"0",0
"273","125",2018-04-10 14:21:09,"2018-04-04",2,"203860","203,000-203,999","2 roll overs","50","41-50","60-80%","1 hour",0.5,"196 hour (hard to read)",98,"1 hour",0.5,"1 hour",0.5,"1 hour",0.5,"10 hours",20,"40 hours",80,"0",0,"0",0,"0",0,"0",0
"274","126",2018-04-10 14:19:54,"2018-04-04",2,"21064","21,000-21,999",NA,"50","41-50","60-80%","1 hr",0.5,"196 hr",98,"1 hr",0.5,"1 hr",0.5,"1hr",0.5,"10 hours",20,"40 hours",80,"0",0,"0",0,"0",0,"0",0
"275","127",2018-04-10 14:37:46,"2018-04-04",2,"102506","102,000-102,999",NA,"10","0-10","60-80%","0",0,"0.25",25,"0.05",5,"0.2",20,"50",50,"0",0,"15",75,"2",10,"3",15,"0",0,"0",0
"276","128",2018-04-10 14:49:32,"2018-04-04",2,"55051","55,000-55,999",NA,"18"," 11-20","0-20%","5",5,"45",45,"0",0,"5",5,"45",45,"0",0,"10",100,"0",0,"0",0,"0",0,"0",0
"277","129",2018-04-10 14:36:40,"2018-04-04",2,"80000","80,000-80,999",NA,NA,NA,"20-40%","0",0,"0.2",20,"0",0,"0",0,"0.8",80,"1 hour",20,"4 hours",80,"0",0,"0",0,"0",0,"0",0
"278","130",2018-04-10 14:25:03,"2018-04-04",2,"138638","138,000-138,999",NA,"20"," 11-20","40-60%","0.05",5,"0.1",10,"0.05",5,"0.05",5,"0.75",75,"2",22.22222222222,"5",55.5555555555,"0",0,"0",0,"2",22.222222222222,"0",0
"279","131",2018-04-10 14:44:24,"2018-04-04",2,"124309","124,000-124,999",NA,"40","31-40","40-60%","0",0,"0.45",45,"0",0,"0.1",10,"0.45",45,"2",16.666666666,"5",41.666666666,"0",0,"0",0,"0",0,"5",41.66666666666
"280","132",2018-04-10 14:30:48,"2018-04-04",2,"164339","164,000-164,999",NA,NA,NA,"20-40%","0",0,"0.9",90,"0",0,"0",0,"0.1",10,"2",33.33333333333,"4",66.66666666,"0",0,"0",0,"0",0,"0",0
"281","133",2018-04-10 14:42:40,"2018-04-04",2,"104835","104,000-104,999",NA,NA,NA,"40-60%","0.1",10,"0.6",60,"0.1",10,"0.1",10,"0.1",10,"10",33.3333333333333,"15",50,"0",0,"0",0,"0",0,"5",16.6666666666666
"282","134",2018-04-10 14:41:29,"2018-04-04",2,"123966","123,000-123,999",NA,"17"," 11-20","60-80%","0.05",5,"0.8",80,"0.05",5,"0",0,"0.1",10,"2",33.333333333,"4",66.6666666666,"0",0,"0",0,"0",0,"0",0
"283","135",2018-04-10 14:39:41,"2018-04-04",2,"141000","141,000-141,999",NA,NA,NA,"20-40%","0.05",5,"0.1",10,"0",0,"0",0,"0.85",85,"3",17.6470588235294,"14",82.3594117647059,"0",0,"0",0,"0",0,"0",0
"284","136",2018-04-10 14:27:17,"2018-04-04",2,"100055","100,000-100,999",NA,"25","21-30","20-40%","0.25",25,"0.25",25,"0.05",5,"0.05",5,"0.4",40,"2",8,"20",80,"0",0,"0",0,"1",4,"2",8
"285","137",2018-04-10 14:34:59,"2018-04-04",2,"209053","209,000-209,999",NA,"40","31-40","80-100%","0",0,"0.7",70,"0",0,"0.02",2,"0.28000000000000003",28,".5 days",9.09090909090909,"5 days",90.9090909090909,"0",0,"0",0,"0",0,"0",0
"286","138",2018-04-10 14:26:30,"2018-04-04",2,"101565","101,000-101,999",NA,"25","21-30","60-80%","15",15,"55",55,"5",5,"5",5,"20",20,"X",0,"5",100,"X",0,"X",0,"X",0,"X",0
"287","139",2018-04-10 14:48:34,"2018-04-04",2,"45808","45,000-45,999",NA,"8","0-10","20-40%","0.03",3,"0.03",3,"0.02",2,"0.2",20,"0.72",72,"2",16.6666666666666,"10",83.3333333333333,"0",0,"0",0,"0",0,"0",0
"288","140",2018-04-10 14:35:50,"2018-04-04",2,"87698","87,000-87,999",NA,NA,NA,"20-40%","0",0,"0.5",50,"0",0,"0",0,"0.5",50,"3xwk",50,"3xwk",50,"0",0,"0",0,"0",0,"0",0
"289","141",2018-05-09 15:52:16,NA,2,"703130","703,000-703,999","This is the total steps for the study",NA,NA,NA,"0",0,"25",25,"0",0,"25",25,"50",50,"2 to 3",27.7777777777777,"6 to 7",72.2222222222222,"0",0,"0",0,"0",0,"0",0
"290","142",2018-04-10 14:17:17,"2018-04-14",2,"137272","137,000-137,999",NA,"20"," 11-20","60-80%","0",0,"0.8",80,"0.05",5,"0.05",5,"0.1",10,"0",0,"3",100,"0",0,"0",0,"0",0,"0",0
"291","143",2018-04-10 14:22:15,"2018-04-04",2,"153315","153,000-153,999",NA,"20"," 11-20","20-40%","0.1",10,"0.3",30,"0.05",5,"0.1",10,"0.45",45,"1",33.3333333333333,"2",66.6666666666666,"0",0,"0",0,"0",0,"0",0
"292","144",2018-04-10 14:18:58,"2018-04-04",2,"77773","77,000-77,999",NA,"16"," 11-20","0-20%","0",0,"50",50,"0",0,"0",0,"50",50,"0",0,"2 days/wk",100,"0",0,"0",0,"0",0,"0",0
"293","145",NA,"2018-04-11",2,"141626","141,000-141,999",NA,"8","0-10","80-100%","0.05",5,"0.3",30,"0.1",10,"0.05",5,"0.5",50,"7",35,"7",35,"3",15,"0",0,"2",10,"1",5
"294","146",2018-05-11 09:42:49,"2018-04-02",2,"68836","68,000-68,999",NA,"5","0-10","20-40%","0",0,"0.75",75,"0",0,"0",0,"0.25",25,"0",0,"2",50,"2",50,"0",0,"0",0,"0",0
"295","147",2018-04-10 14:31:54,"2018-04-04",2,"144397","144,000-144,999",NA,"4","0-10","40-60%","0",0,"0.25",25,"0.05",5,"0.1",10,"0.6",60,"0",0,"5 times/wk",71.4228571428571,"0",0,"1 time/wk",14.2857142857142,"0",0,"1 time/wk",14.2857142857142
"296","148",2018-04-10 14:29:29,"2018-04-04",2,"702631","702,000-702,999",NA,"10","0-10","20-40%","0",0,"0.9",90,"0",0,"0",0,"0.1",10,"7 to 9 ",72.7272727272727,"2",18.1818181818181,"0",0,"0",0,"0",0,"1",9.09090909090909
"297","149",2018-04-10 14:18:05,"2018-04-04",2,"72551","72,000-72,999",NA,"20"," 11-20","20-40%","0",0,"0.1",10,"0.1",10,"0",0,"0.8",80,"5",45.4545454545454,"5 to 7",54.5454545454545,"0",0,"0",0,"0",0,"0",0
"298","150",2018-04-10 15:26:03,"2018-04-06",2,"167873","167,000-167,999",NA,"63","61-70","80-100%","5",5,"65",65,"0",0,"10",10,"20",20,"0",0,"All of the time",100,"0",0,"0",0,"0",0,"0",0
"299","151",2018-04-10 14:15:15,"2018-04-04",2,"86203","86,000-86,999",NA,"6","0-10","0-20%","0.1",10,"0.1",10,"0.1",10,"0.1",10,"0.6",60,"1",20,"2",40,"2",40,"0",0,"0",0,"0",0
"300","152",2018-04-10 15:24:17,"2018-04-05",2,"325751","325,000-325,999",NA,"36","31-40","60-80%","0.2",20,"0.55000000000000004",55,"0",0,"0",0,"0.25",25,"6",33.3333333333333,"12",66.6666666666666,"0",0,"0",0,"0",0,"0",0
"301","155",2018-04-10 14:33:50,"2018-04-04",2,"108654","108,000-108,999",NA,"8","0-10","20-40%","0.1",10,"0.05",5,"0.05",5,"0.2",20,"0.6",60,"0",0,"4",100,"0",0,"0",0,"0",0,"0",0
"302","156",2018-04-10 14:14:21,"2018-04-14",2,"75000","75,000-75,999",NA,"6 to 7","0-10","0-20%","0",0,"50",50,"0",0,"25",25,"25",25,"0",0,"5",100,"0",0,"0",0,"0",0,"0",0
"303","157",2018-04-10 14:40:39,"2018-04-04",2,"166450","166,000-166,999",NA,"20"," 11-20","60-80%","4",4,"50",50,"1",1,"5",5,"40",40,"0",0,"5 to 6 days",84.6153846153846,"0",0,"0",0,"1",15.3864153846153,"0",0
"304","159",2018-04-10 14:23:03,"2018-04-04",2,"136000","136,000-136,999",NA,"22","21-30","20-40%","0.05",5,"0.15",15,"0.1",10,"0.2",20,"0.5",50,"1 to 2",18.75,"3 to 5",50,"2 to 3",31.25,"0",0,"0",0,"0",0
"305","160",2018-04-10 14:38:57,"2018-04-04",2,"97385","97,000-97,999",NA,"15"," 11-20","20-40%","5",5,"<5",5,"0",0,"0",0,"90",90,"1",25,"3",75,"0",0,"0",0,"0",0,"0",0
"306","001",2018-05-09 10:44:30,"2018-04-24",3,"361843","361,000-361,999","3 roll overs","40","31-40","40-60%","10",10,"80",80,"0",0,"0",0,"10",10,"2",33.3333333333333,"4",66.6666666666666,"0",0,"0",0,"0",0,"0",0
"307","002",2018-05-09 11:44:12,"2018-04-14",3,NA,NA,"Pedometer not working at all",NA,NA,"20-40%","0",0,"1",100,"0",0,"0",0,"0",0,"1",25,"0",0,"3",75,"0",0,"0",0,"0",0
"308","003",2018-05-09 12:34:41,"2018-04-11",3,"95294","95,000-95,999",NA,"5","0-10","60-80%","0.2",20,"0.7",70,"0",0,"0.1",10,"0",0,"4",30.7692307692307,"5",38.4615384615384,"4",30.7692307692307,"0",0,"0",0,"0",0
"309","004",2018-05-09 15:45:11,"2018-04-11",3,"115183","115,000-115,999",NA,"35","31-40","60-80%","0",0,"0.7",70,"0",0,"0",0,"0.3",30,"4",28.5714285742857,"10",71.4285714285714,"0",0,"0",0,"0",0,"0",0
"310","005",2018-05-09 12:31:13,"2018-04-11",3,"505340","505,000-505,999","5 Rollovers","56","51-60","80-100%","0",0,"0.9",90,"0",0,"0.05",5,"0.05",5,"7",41.1764705882352,"7",41.1764705882352,"0",0,"0",0,"0",0,"3",17.6470588235294
"311","006",2018-05-09 11:40:13,"2018-04-18",3,"207340","207,000-207,999",NA,"45","41-50","60-80%","0.05",5,"0.3",30,"0.1",10,"0.15",15,"0.4",40,"1",25,"4",75,"0",0,"0",0,"0",0,"0",0
"312","007",2018-05-09 15:48:34,"2018-04-12",3,"54753","54,000-54,999",NA,"12"," 11-20","0-20%","10",10,"40",40,"0",0,"10",10,"40",40,"0",0,"5",50,"0",0,"0",0,"0",0,"5",50
"313","008",2018-05-09 15:36:57,"2018-04-11",3,"138238","138,000-138,999",NA,"40","31-40","80-100%","0.08",8,"0.8",80,"0",0,"0.02",2,"0.1",10,"0",0,"7 everyday ",45.1612903225806,"1 to 2",9367741935483870,"7 (stairs)",45.1612903225806,"0",0,"0",0
"314","010",2018-05-09 11:39:22,"2018-04-12",3,"153418","153,000-153,999",NA,"30","21-30","40-60%","0",0,"0.3",30,"0.3",30,"0.1",10,"0.3",30,"0",0,"10 times",83.3333333333333,"0",0,"0",0,"2 times",16.666666666666,"0",0
"315","011",2018-05-09 15:45:58,"2018-04-12",3,"32303","32,000-32,999",NA,"8","0-10","0-20%","0",0,"0.3",30,"0",0,"0",0,"0.7",70,"0",0,"1",100,"0",0,"0",0,"0",0,"0",0
"316","012",2018-05-10 13:19:54,"2018-05-02",3,"67979","67,000-67,999",NA,"10 to 15"," 11-20","20-40%","2.5000000000000001E-2",2.5,"0.85",85,"0",0,"2.5000000000000001E-2",2.5,"0.1",10,"2",50,"2",50,"0",0,"0",0,"0",0,"0",0
"317","013",2018-05-09 15:36:03,"2018-04-11",3,"40000","40,000-40,999",NA,"10","0-10","0-20%","0",0,"50",50,"0",0,"0",0,"50",50,"5",NA,"5",NA,"0",NA,"0",NA,"0",NA,"0 (Possibly a 6) ",NA
"318","014",2018-05-09 10:45:36,"2018-04-11",3,"69997","69,000-69,999",NA,NA,NA,"20-40%","0.2",20,"0.5",50,"0",0,"0",0,"0.3",30,"1",25,"3",75,"0",0,"0",0,"0",0,"0",0
"319","015",2018-05-09 11:48:54,"2018-04-11",3,"105320","105,000-105,999",NA,"40 to 50 ","41-50","60-80%","0.1",0.142450142450142,"60 to 80%",99.7150997150997,"0",0,"0",0,"0.1",0.142450142450142,"0",0,"80 to 90%",87.1794871794871,"0",0,"10 to 15%",12.8205128205128,"0",0,"0",0
"320","016",2018-05-09 12:32:14,"2018-04-11",3,"220338","220,000-220,999",NA,"40","31-40","20-40%","0.1",10,"0.2",20,"0",0,"0.2",20,"0.5",50,"0",0,"6",100,"0",0,"0",0,"0",0,"0",0
"321","017",2018-05-10 13:42:47,"2018-04-14",3,"62970","62,000-62,999",NA,"2 to 3 ","0-10","60-80%","0",0,"0.1",10,"0.3",30,"0.3",30,"0.3",30,"0",0,"all times walking 7/7days",100,"0",0,"0",0,"0",0,"0",0
"322","018",2018-05-09 15:47:30,"2018-04-12",3,"38000","38,000-38,999",NA,"2 to 3 ","0-10","20-40%","0",0,"2 hours a week",66.6666666666666,"0",0,"0",0,"1 hour a week ",33.3333333333333,"2",66.6666666666666,"1",33.3333333333333,"0",0,"0",0,"0",0,"0",0
"323","019",2018-05-09 12:28:03,"2018-04-11",3,"60000","60,000-60,999",NA,NA,NA,"20-40%","0",0,"90",90,"0",0,"0",0,"10",10,"0",0,"3",100,"0",0,"0",0,"0",0,"0",0
"324","020",2018-05-09 11:47:55,"2018-04-11",3,"67250","67,000-67,999",NA,NA,NA,"40-60%","10",10,"50",50,"0",0,"10",10,"30",30,"0",0,"4 to 5",100,"0",0,"0",0,"0",0,"0",0
"325","021",2018-05-09 10:47:59,"2018-04-18",3,"90181","90,000-90,999",NA,"40","31-40","40-60%","0.1",10,"0.6",60,"0",0,"0.1",10,"0.2",20,"0",0,"1",100,"0",0,"0",0,"0",0,"0",0
"326","022",2018-05-09 10:48:49,"2018-04-18",3,"77500","77,000-77,999",NA,"40","31-40","60-80%","0",0,"0.7",70,"0",0,"0.1",10,"0.2",20,"0",0,"1",100,"0",0,"0",0,"0",0,"0",0
"327","023",2018-05-09 12:30:11,"2018-04-11",3,"52000","52,000-52,999",NA,NA,NA,"40-60%","0.05",5,"0.6",60,"0",0,"0.05",5,"0.3",30,"0",0,"50",71.4285714285714,"20",28.5714285714285,"0",0,"0",0,"0",0
"328","025",2018-05-09 15:44:00,"2018-04-11",3,"76253","76,000-76,999","no rollover ","30","21-30","0-20%","5",5,"30",30,"2",2,"3",3,"60",60,"0",0,"3",100,"0",0,"0",0,"0",0,"0",0
"329","026",2018-05-09 11:36:05,"2018-04-18",3,"300000","300,000-300,999",NA,NA,NA,"80-100%","5",5,"40",40,"5",5,"10",10,"40",40,"20",8.47457627118644,"200",84.7457627118644,"10",4.23728813559322,"1",0.42372881355932,"5",2.11864406779661,"0",0
"330","027",2018-05-09 11:41:55,"2018-04-11",3,"102439","102,000-102,999",NA,"40","31-40","20-40%","0",0,"0.5",50,"0",0,"0.1",10,"0.4",40,"2",9.09090909090909,"20",90.9090909090909,"0",0,"0",0,"0",0,"0",0
"331","028",2018-05-09 11:45:56,"2018-04-14",3,"153565","153,000-153,999",NA,"12 to 18 "," 11-20","40-60%","0.05",3.84615384615385,"0.7",53.8461538461538,"0.05",3.84615384615385,"0.2",15.3846153846154,"0.3",23.0769230769231,"0",0,"4",80,"0",0,"0",0,"1",20,"0",0
"332","029",2018-05-08 16:20:15,"2018-04-23",3,"316801","316,000-316,999","3 roll overs","14 to 20"," 11-20","60-80%","10",10,"20",20,"10",10,"10",10,"50",50,"3",21.4285714285714,"7",50,"0",0,"1",7.14285714285714,"2",14.2857142857142,"1",7.14285714285714
"333","030",2018-05-09 12:33:28,"2018-04-11",3,"110789","110,000-110,999","one rollover","30","21-30","40-60%","0",0,"0.6",60,"0",0,"0",0,"0.4",40,"0",0,"7",100,"0",0,"0",0,"0",0,"0",0
"334","031",2018-05-09 11:05:45,"2018-04-18",3,"65150","65,000-65,999",NA,NA,NA,"0-20%","5",5,"30",30,"0",0,"5",5,"60",60,"0",0,"6",100,"0",0,"0",0,"0",0,"0",0
"335","032",2018-05-09 11:07:12,"2018-04-18",3,"159305","159,000-159,999","1 rollover",NA,NA,"20-40%","10",10,"30",30,"0",0,"10",10,"50",50,"2 to 3",35.7142857142857,"4 to 5",64.2857142857142,"0",0,"0",0,"0",0,"0",0
"336","033",2018-04-10 15:27:04,"2018-04-06",3,"202503","202,000-202,999","2 rollovers","60 to 70 ","61-70","60-80%","0",0,"0.5",50,"0",0,"0",0,"0.5",50,"0",0,"7",100,"0",0,"0",0,"0",0,"0",0
"337","034",2018-05-09 11:27:09,"2018-04-18",3,"143439","143,000-143,999","1 rollover","20"," 11-20 ","40-60%","2",6.06060606060606,"10",30.3030303030303,"1",3.03030303030303,"10",30.3030303030303,"10",30.3030303030303,"3",8.8235294117647,"30",88.23529411764,"1",2.94117647058824,"0",0,"0",0,"0",0
"338","035",2018-05-09 10:54:28,"2018-04-18",3,"149795","149,000-149,999","1 rollover","6","0-10","80-100%","1 over 10",10,"1 over 10",10,"0",0,"1 over 10",10,"7 over 10",70,"3 times",25,"7 times",58.3333333333333,"2 times",16.66666666666,"0",0,"0",0,"0",0
"339","036",2018-05-09 11:02:29,"2018-04-18",3,"41326","41,000-41,999",NA,"24","21-30","0-20%","0.33",33.3333333333333,"0.33",33.3333333333333,"0",0,"0",0,"0.33",33.3333333333333,"1",33.33333333,"2",66.6666666666,"0",0,"0",0,"0",0,"0",0
"340","037",2018-05-09 11:23:02,"2018-04-18",3,"132345","132,000-132,999","1 rollover","2 to 3 times","0-10","40-60%","10",6.66666666666667,"80",53.3333333333333,"5",3.33333333333333,"5",3.33333333333333,"50",33.3333333333333," 4 hrs",26.6666666666666,"8 to 10 hours",60,"2 hours",13.333333333333,"0",0,"0",0,"0",0
"341","038",2018-05-09 11:00:35,"2018-04-18",3,"31459","31,000-31,999",NA,"6","0-10","20-40%","0",0,"0.5",50,"0.5",50,"0",0,"0",0,"2",6.25,"30",93.75,"0",0,"0",0,"0",0,"0",0
"342","039",2018-05-09 11:30:08,"2018-04-18",3,"13568","13,000-13,999",NA,NA,NA,NA,"5",5,"70",70,"10",10,"5",5,"10",10,"4",57.1428571428571,"2",28.5714285714285,"0",0,"0",0,"1",14.2857142857142,"0",0
"343","040",2018-05-09 11:03:22,"2018-04-18",3,"65462","65,000-65,999",NA,NA,NA,NA,"20",20,"40",40,"20",20,"0",0,"20",20,"0",0,"14",77.777777777777,"0",NA,"0",0,"2",11.1111111,"2",11.1111111111
"344","041",2018-05-09 11:24:34,"2018-04-18",3,"166584","166,000-166,999","one rollover","25","21-30","60-80%","0.05",5,"0.65",65,"7.0000000000000007E-2",7,"0.03",3,"0.2",20,"60 min",42.8571428571428,"60 min",42.8571428571428,"0",0,"0",0,"0",0,"20 min.",14.2857142857142
"345","042",2018-05-09 11:28:27,"2018-04-18",3,"47000","47,000-47,999",NA,NA,NA,"0-20%","0.05",5,"0.15",15,"0",0,"0",0,"0.8",80,"0",0,"1",100,"0",0,"0",0,"0",0,"0",0
"346","043",2018-05-09 11:09:44,"2018-04-18",3,"108665","108,000-108,999",NA,"24","21-30","20-40%","3",3,"25",25,"2",2,"30",30,"40",40,"0",0,"4",50,"0",0,"0",0,"0",0,"4",50
"347","044",2018-05-09 11:25:43,"2018-04-18",3,"51757","51,000-51,999",NA,"2","0-10","0-20%","0",0,"20",20,"0",0,"0",0,"80",80,"0",0,"1",100,"0",0,"0",0,"0",0,"0",0
"348","045",2018-05-09 10:49:44,"2018-04-18",3,"85472","85,000-85,999","no rollover ","15 to 18 "," 11-20","40-60%","0.05",5,"0.35",35,"0",0,"0",0,"0.6",60,"yes",-50,"yes",-50,"0",0,"0",0,"0",0,"0",0
"349","046",2018-05-23 11:12:50,"2018-05-22",3,"42260 (Not accurate)",NA,"Reset randomly; count probably not accurate","10","0-10","20-40%","5",5,"50",50,"0",0,"5",5,"40",40,"3",17.6470588235294,"10",58.8235294117647,"0",0,"0",0,"0",0,"4",23.5294117647058
"350","047",2018-05-09 11:33:43,"2018-04-18",3,"52311","52,000-52,999",NA,"16"," 11-20","20-40%","0",0,"0.5",50,"0",0,"0",0,"0.5",50,"0",0,"2 days",100,"0",0,"0",0,"0",0,"0",0
"351","048",2018-05-09 10:47:12,"2018-04-18",3,"200046","200,000-200,999",NA,"5","0-10","40-60%","10",10,"20",20,"10",10,"10",10,"50",50,"3",23.076923076923,"10",76.9230769230769,"0",0,"0",0,"0",0,"0",0
"352","049",2018-05-09 11:21:35,"2018-04-18",3,"56580","56,000-56,999",NA,NA,NA,NA,"0",0,"0.6",60,"0",0,"0",0,"0.4",40,"0",0,"10",100,"0",0,"0",0,"0",0,"0",0
"353","050",2018-05-09 11:10:40,"2018-04-18",3,"174899","174,000-174,999",NA,NA,NA,NA,"0.1",10,"0.7",70,"0",0,"0",0,"0.2",20,"2 to 3",21.7391204347826,"7",60.8695652173913,"2",17.391304347826,"0",0,"0",0,"0",0
"354","051",2018-05-09 10:43:20,"2018-04-24",3,"207145","207,000-207,999",NA,"15"," 11-20","20-40%","0",0,"10",9.09090909090909,"15",13.6363636363636,"0",0,"85",77.2727272727273,"10",10,"90",90,"0",0,"0",0,"0",0,"0",0
"355","052",2018-05-08 16:17:33,"2018-04-23",3,"205000","205,000-205,999",NA,"30","21-30","60-80%","0",0,"0.5",50,"0",0,"0.25",25,"0.25",25," 6 days/wk",46.1538461538461,"7 days/wk",53.8461538461538,"0",0,"0",0,"0",0,"0",0
"356","053",2018-05-09 10:58:54,"2018-04-18",3,"25503","25,000-25,999",NA,"15"," 11-20","20-40%","0.1",10,"0.7",70,"0",0,"0.1",10,"0.1",10,"0",0,"1",100,"0",0,"0",0,"0",0,"0",0
"357","054",2018-05-09 11:08:22,"2018-04-18",3,"101008","101,000-101,999","one rollover",NA,NA,"80-100%","10",10,"60",60,"5",5,"5",5,"20",20,"6",42.8571428571486,"7",50,"0",0,"0",0,"1",7.14285714285714,"0",0
"358","056",2018-05-09 10:53:15,"2018-04-18",3,"203431","203,000-203,999","rolled over twice",NA,NA,"40-60%","0.05",5,"0.6",60,"0",0,"0.05",5,"0.3",30,"1",12.5,"7 days/wk",87.5,"0",0,"0",0,"0",0,"0",0
"359","057",2018-05-08 15:20:53,"2018-04-25",3,"58562","58,000-58,999",NA,"16"," 11-20","0-20%","0",0,"1",100,"0",0,"0",0,"0",0,"0",0,"100% (2)",100,"0",0,"0",0,"0",0,"0",0
"360","058",2018-05-08 16:18:53,"2018-04-23",3,"85148","85,000-85,999",NA,"45","41-50","40-60%","0.15",15,"0.35",35,"0.5",50,"0",0,"0",0,"5",6.66666666666666,"70",93.3333333333333,"0",0,"0",0,"0",0,"0",0
"361","059",2018-05-08 16:12:20,"2018-04-19",3,"34497","34,000-34,999","wore them in mascot shoe/feet",NA,NA,"60-80%","0",0,"50",55.5555555555556,"0",0,"0",0,"40",44.4444444444444,"0",0,"1",100,"0",0,"0",0,"0",0,"0",0
"362","060",2018-05-08 15:36:20,"2018-04-20",3,"302958","302,000-302,999","3 times rolled over","56","51-60","80-100%","5",5,"90",90,"2",2,"2",2,"1",1,"0.05",5,"0.9",90,"0.05",5,"0",0,"0",0,"0",0
"363","061",2018-05-08 14:58:12,"2018-04-25",3,"196876","196,000-196,999",NA,"20"," 11-20","40-60%","0.1",10,"0.35",35,"0.05",5,"0.1",10,"0.4",40,"2",20,"7",70,"0",0,"0",0,"0",0,"1",10
"364","062",2018-05-08 15:25:36,"2018-04-25",3,"51155","51,000-51,999",NA,"10","0-10","0-20%","0.05",20,"0.1",40,"0",0,"0",0,"0.1",40,"0",0,"3",75,"1",25,"0",0,"0",0,"0",0
"365","063",2018-05-08 15:01:01,"2018-04-25",3,"57008","57,000-57,999",NA,"85","81-90","40-60%","40",40,"30",30,"0",0,"20",20,"10",10,"2",18.1818181818181,"9",81.8181818181818,"0",0,"0",0,"0",0,"0",0
"366","064",2018-05-08 15:28:09,"2018-04-25",3,"156022","156,000-156,999",NA,"84","81-90","60-80%","0.1",11.1111111111111,"0.3",33.3333333333333,"0.1",11.1111111111111,"0",0,"0.4",44.4444444444444,"5",41.6666666666666,"7",58.3333333333333,"0",0,"0",0,"0",0,"0",0
"367","065",2018-05-08 15:31:43,"2018-04-25",3,"100381","100,000-100,999",NA,"10 to 15"," 11-20","20-40%","20",20,"60",60,"10",10,"0",0,"10",10,"0",0,"90",90,"0",0,"0",0,"10",10,"0",0
"368","066",NA,"2018-04-25",3,"31301","31,000-31,999",NA,"2 times","0-10","20-40%","0.4",40,"0.1",10,"0.05",5,"0.05",5,"0.4",40,"0",0,"2",50,"0",0,"0",0,"2",50,"0",0
"369","067",2018-05-08 14:52:01,"2018-04-25",3,"320467","320,000-320,999",NA,NA,NA,"40-60%","0.2",20,"0.5",50,"0",0,"0.1",10,"0.2",20,"5x",41.6666666666666,"7x",58.3333333333333,"0",0,"0",0,"0",0,"0",0
"370","068",2018-05-08 14:57:12,"2018-04-25",3,"80858","80,000-80,999",NA,"2x","0-10","20-40%","0.2",20,"0.3",30,"0.1",10,"0.1",10,"0.3",30,"1x a week",33.3333333333333,"2x a week",66.666666666666,"0x a week",0,"0x a week",0,"0x a week",0,"0x a week",0
"371","069",2018-05-08 16:21:24,"2018-05-04",3,"86487","86,000-86,999",NA,"15"," 11-20","20-40%","5",5,"70",70,"0",0,"0",0,"25",25,"25",25,"75",75,"0",0,"0",0,"0",0,"0",0
"372","071",2018-05-08 15:30:14,"2018-04-25",3,"221269","221,000-221,999",NA,"50","41-50","60-80%","0.2",20,"0.1",10,"0.1",10,"0.1",10,"0.5",50,"7",50,"7",50,"0",0,"0",0,"0",0,"0",0
"373","072",2018-05-11 09:56:24,NA,3,"59713","59,000-59,999",NA,"4","0-10","40-60%","0.2",20,"0.2",20,"0.15",15,"0.15",15,"0.3",30,"2",28.5714285714285,"4",57.1428571428571,"0",0,"0",0,"0",0,"1",14.2857142857142
"374","073",2018-05-08 16:07:50,"2018-04-25",3,"41662","41,000-41,999",NA,NA,NA,"20-40%","0",0,"0.5",50,"0.05",5,"0.05",5,"0.4",40,"0",0,"7 days a week",77.7777777777777,"0",0,"0",0,"0",0,"2 days a week (peddles hace a metal stud)",22.2222222222222
"375","074",2018-05-08 14:59:24,"2018-04-24",3,"171816","171,000-171,999","1 rollover","20?",NA,"40-60%","0.3",30,"0.4",40,"0",0,"0.1",10,"0.2",20,"x3",42.8571428571428,"x4",57.1428571428571,"0",0,"0",0,"0",0,"0",0
"376","075",2018-05-08 14:54:15,"2018-04-26",3,"145903","145,000-145,999","1 rollover","30","21-30","20-40%","10",10,"40",40,"0",0,"0",0,"50",50,"5",5,"85",85,"5",5,"0",0,"5",5,"0",0
"377","077",2018-05-08 15:41:38,"2018-04-25",3,"276261","276,000-276,999","2 rollovers","14 hrs a day = 98 hours","91-100","80-100%","5",5,"15",15,"2.5",2.5,"2.5",2.5,"75",75,"0",0,"everyday to class",NA,"0",NA,"0",NA,"1",NA,"45 to 50",NA
"378","078",2018-05-08 16:09:23,"2018-04-25",3,"120508","120,000-120,999",NA,"15+",NA,"20-40%","0.6",60,"0.1",10,"0.1",10,"0",0,"0.2",20,"6+",28.5714285714285,"10+",47.6190476190476,"0",0,"0",0,"0",0,"5+",23.8095238095238
"379","080",2018-05-08 15:33:58,"2018-04-25",3,"208510","208,000-208,999",NA,"40","31-40","60-80%","0.2",20,"0.4",40,"0.1",10,"0.1",10,"0.2",20,"3",25,"5",41.6666666666666,"0",0,"1",8.3333333333,"1",8.33333333333,"2",16.666666666666
"380","081",2018-05-08 15:04:33,"2018-04-25",3,"163463","163,000-163,999",NA,"10","0-10","40-60%","0",0,"60",60,"0",0,"0",0,"40",40,"0",0,"5",100,"0",0,"0",0,"0",0,"0",0
"381","082",2018-05-08 15:37:15,"2018-04-25",3,"37755","37,000-37,999",NA,NA,NA,"20-40%","0.1",10,"0.5",50,"0.1",10,"0.1",10,"0.2",20,"1",16.666666666,"3",50,"2",33.3333333333,"0",0,"0",0,"0",0
"382","083",2018-05-11 09:53:07,"2018-04-27",3,"80136","80,000-80,999","accidentally reset","2 to 3","0-10","20-40%","0.1",10,"0.5",50,"0.05",5,"0.05",5,"0.3",30,"0",0,"3",100,"0",0,"0",0,"0",0,"0",0
"383","084",2018-05-08 15:34:43,"2018-04-25",3,"91593","91,000-91,999",NA,NA,NA,"40-60%","0.1",10,"0.4",40,"0",0,"0",0,"0.5",50,"0",0,"4",100,"0",0,"0",0,"0",0,"0",0
"384","085",2018-05-08 14:55:32,"2018-04-25",3,"46985","46,000-46,999",NA,"10","0-10","0-20%","0-20%",9.09090909090909,"20-40%",27.2727272727273,"0-20%",9.09090909090909,"0-20%",9.09090909090909,"40-60%",45.4545454545455,"0",0,"7",100,"0",0,"0",0,"0",0,"0",0
"385","086",2018-05-10 13:04:12,"2018-05-02",3,"54074","54,000-54,999",NA,"12 to 14"," 11-20","60-80%","0",0,"0.2",20,"0",0,"0",0,"0.8",80,"0",0,"every day of the study period so 20?",95.2380952382952,"0",0,"0",0,"0",0,"1",4.76190476190476
"386","087",2018-05-08 15:19:47,"2018-04-25",3,"44500","44,000-44,999",NA,"40","31-40","20-40%","0.1",10,"0.5",50,"0",0,"0.1",10,"0.3",30,"0.3",30,"0.5",50,"0",0,"0",0,"0",0,"0.2",20
"387","088",2018-05-08 15:29:09,"2018-04-25",3,"4721","4,000-4,999",NA,"3","0-10","0-20%","0",0,"1",100,"0",0,"0",0,"0",0,"0",0,"1",100,"0",0,"0",0,"0",0,"0",0
"388","089",2018-05-08 15:40:13,"2018-04-25",3,"402158","402,000-402,999","4 rollouts","42","41-50","60-80%","0",0,"0.5",50,"0.1",10,"0",0,"0.4",40,"5",41.666666666,"6",50,"0",0,"0",0,"0",0,"1",8.33333333333333
"389","090",2018-05-08 15:24:34,"2018-04-25",3,"52055","52,000-52,999",NA,"1.5","0-10","20-40%","10",10,"40",40,"5",5,"5",5,"40",40,"3",42.8574285714,"3",42.8574285714,"1",14.2857142857,"0",0,"0",0,"0",0
"390","091",2018-05-08 16:23:18,"2018-05-03",3,"76328","76,000-76,999",NA,"9? Mostly when they go running",NA,"0-20%","0",0,"0.1",10,"0",0,"0.1",10,"0.8",80,"4",100,"0",0,"0",0,"0",0,"0",0,"0",0
"391","092",2018-05-17 11:06:17,"2018-05-09",3,"124288","124,000-124,999",NA,"24","21-30","20-40%","0",0,"90",90,"0",0,"0",0,"10",10,"0",0,"3",100,"0",0,"0",0,"0",0,"0",0
"392","093",2018-05-17 11:05:02,"2018-05-09",3,"165000","165,000-165,999",NA,"6","0-10","20-40%","0",0,"0.2",20,"0",0,"0",0,"0.8",80,"0",0,"4 to 5",81.8181818181818,"1",18.1818181818181,"0",0,"0",0,"0",0
"393","094",2018-05-17 10:44:16,"2018-05-09",3,"182295","182,000-182,999",NA,"5","0-10","40-60%","0.05",5,"0.5",50,"0",0,"0.05",5,"0.4",40,"1",12.5,"7",87.5,"0",0,"0",0,"0",0,"0",0
"394","095",2018-05-17 10:32:50,"2018-05-16",3,"157081","157,000-157,999",NA,"45","41-50","40-60%","0",0,"yes",-50,"0",0,"0",0,"yes",-50,"2",4.4444444444,"40",88.888888888888,"0",0,"0",0,"0",0,"3",6.6666666666666
"395","096",2018-05-17 10:42:08,"2018-05-09",3,"254080","254,000-254,999","rolled over twice","40","31-40","60-80%","0.1",10,"0.8",80,"0",0,"0",0,"0.1",10,"5",45.454545454545,"5",45.45454545,"0",0,"0",0,"0",0,"1",9.09090909090909
"396","097",2018-05-17 10:36:23,"2018-05-15",3,"208382","208,000-208,999",NA,"40","31-40","60-80%","0-20",12.5,"60-80",87.5,"0",0,"0",0,"0",0,"2/wk",16.66666666666,"daily",58.33333333,"0",0,"0",0,"0",0,"3 times/wk",25
"397","098",2018-05-17 10:52:55,"2018-05-09",3,"100140","100,000-100,999",NA,"25 to 30","21-30","80-100%","0.01",1,"0.8",80,"0.09",9,"0.05",5,"0.05",5,"4",40,"5",50,"0",0,"0",0,"1",10,"0",0
"398","099",2018-05-09 16:22:08,"2018-05-02",3,"62823","62,000-62,999","no rollover","25","21-30","40-60%","0",0,"1",100,"0",0,"0",0,"0",0,"0",0,"100% (5 days a week)",100,"0",0,"0",0,"0",0,"0",0
"399","100",2018-05-10 13:41:45,"2018-05-08",3,"168434","168,000-168,999",NA,"every day but 1",NA,"80-100%","0",0,"0.8",80,"0",0,"0",0,"0.2",20,"0",0,"1",100,"0",0,"0",0,"0",0,"0",0
"400","101",2018-05-09 16:28:19,"2018-05-02",3,"132276","132,000-132,999","one rollover","30","21-30","20-40%","3hr",10,"20hr",66.666666666666,"1hr",3.3333333,"1hr",3.333333333,"5hr",16.666666666666,"0",0,"5",83.3333333333333,"0",0,"0",0,"1",16.66666666666,"0",0
"401","102",2018-05-17 10:51:40,"2018-05-09",3,"131781","131,000-131,999",NA,"30","21-30","60-80%","5",5,"80",80,"0",0,"5",5,"10",10,"3",37.5,"5",62.5,"0",0,"0",0,"0",0,"0",0
"402","103",2018-05-17 10:43:15,"2018-05-09",3,"721000","721,000-721,999","Tracked steps with a fit bit","60","51-60","60-80%","0.15",15,"0.45",45,"0",0,"0",0,"0.4",40,"5",31.25,"10",62.5,"0",0,"0",0,"0",0,"1",6.25
"403","104",2018-05-17 11:00:01,"2018-05-09",3,"213840","213,000-213,999",NA,"8 hours a day",NA,"80-100%","yes",-50,"yes",-50,"0",0,"0",0,"yes",-50,"yes",-50,"yes",-50,"0",0,"0",0,"0",0,"0",0
"404","105",2018-05-17 10:49:21,"2018-05-09",3,"134640","134,000-134,999",NA,"50","41-50","80-100%","0.01",1,"0.7",70,"0.01",1,"0.01",1,"0.27",27,"0",0,"1",100,"0",0,"0",0,"0",0,"0",0
"405","106",2018-05-08 16:25:47,"2018-05-02",3,"45740","45,000-45,999",NA,"8","0-10","0-20%","0",0,"0.8",80,"0",0,"0",0,"0.2",20,"0",0,"1",100,"0",0,"0",0,"0",0,"0",0
"406","107",2018-05-09 16:02:10,"2018-05-02",3,"95856","95,000-95,999","No rollovers",NA,NA,"40-60%","0.05",5,"0.2",20,"0.1",10,"0.15",15,"0.5",50,"0.2",20,"0.8",80,"0",0,"0",0,"0",0,"0",0
"407","108",2018-05-09 16:29:57,"2018-05-02",3,"51231","51,000-51,999",NA,"6","0-10","0-20%","0",0,"0",0,"0",0,"0",0,"100",100,"0",0,"5",62.5,"0",0,"0",0,"0",0,"3",37.5
"408","109",2018-05-17 10:45:37,"2018-05-09",3,"177670","177,000-177,999","one rollover","32 to 45 ","31-40","40-60%","0.15",15,"0.3",30,"0.05",5,"0.1",10,"0.4",40,"2",25,"4 to 5 days",56.25,"0",0,"0",0,"0",0,"1 to 2",18.75
"409","110",2018-05-17 10:48:09,"2018-05-09",3,"111127","111,000-111,999","one rollover","15 hrs/week"," 11-20","20-40%","0.05",5,"0.3",30,"0.05",5,"0.1",10,"0.5",50,"0",0,"to and from school 2 days a week. On campus 2 days a week",100,"0",0,"0",0,"0",0,"0",0
"410","111",2018-05-17 10:37:48,"2018-05-14",3,"155709","155,000-155,999",NA,"20"," 11-20","20-40%","0",0,"0.85",85,"0",0,"0.05",5,"0.1",10,"5x",50,"3x",30,"0",0,"0",0,"0",0,"2x",20
"411","112",2018-05-11 09:55:15,"2018-04-30",3,"105097","105,000-105,999","one rollover","56+",NA,"60-80%","0.2",20,"0.2",20,"0.1",10,"0.2",20,"0.3",30,"10",28.5714285714285,"20",57.1428571428,"0",0,"0",0,"0",0,"5",14.2857142857142
"412","113",2018-05-17 11:02:43,"2018-05-09",3,"2186","2,000-2,999",NA,"4","0-10","20-40%","0",0,"0.4",40,"0",0,"0",0,"0.6",60,"2",28.5714285714285,"5",71.4285714285714,"0",0,"0",0,"0",0,"0",0
"413","115",2018-05-10 13:06:17,"2018-05-02",3,"85025","85,000-85,999",NA,"20"," 11-20","40-60%","0",0,"0.8",80,"0",0,"0.1",10,"0.1",10,"2",16.6666666666666,"10",83.3333333333333,"0",0,"0",0,"0",0,"0",0
"414","116",2018-05-09 16:25:02,"2018-05-02",3,"103125","103,000-103,999","one rollover","2 to 3","0-10","20-40%","0",0,"0.15",15,"0",0,"0.05",5,"0.8",80,"0",0,"6",54.545454545455,"2",18.1818181818181,"0",0,"0",0,"3",27.2727272727272
"415","117",2018-05-09 16:34:09,"2018-05-02",3,"68710","68,000-68,999",NA,"15"," 11-20","20-40%","0.1",10,"0.5",50,"0",0,"0.05",5,"0.35",35,"0",0,"2",100,"0",0,"0",0,"0",0,"0",0
"416","118",2018-05-10 13:21:28,"2018-05-02",3,"119750","119,000-119,999",NA,"25","21-30","40-60%","0.1",10,"0.3",30,"0",0,"0.2",20,"0.4",40,"2",22.2222222222222,"5",55.5555555555555,"1",11.11111111111,"0",0,"0",0,"1",11.11111111111
"417","119",2018-05-17 11:07:05,"2018-05-09",3,"105339","105,000-105,999",NA,"48","41-50","20-40%","10",10,"20",20,"10",10,"10",10,"50",50,"5",5,"80",80,"5",5,"0",0,"0",0,"10",10
"418","121",2018-05-09 15:57:13,"2018-05-02",3,"118535","118,000-118,999",NA,"50","41-50","60-80%","0.1",10,"0.2",20,"0.1",10,"0.1",10,"0.5",50,"0",0,"20",95.2380952380952,"0",0,"0",0,"1",4.761904761,"0",0
"419","122",2018-05-09 16:00:35,"2018-05-02",3,"67855","67,000-67,999",NA,"20"," 11-20","40-60%","0.2",20,"0.6",60,"0",0,"0",0,"0.2",20,"2",28.5714285714257,"5",71.4285714285714,"0",0,"0",0,"0",0,"0",0
"420","124",2018-05-09 16:23:53,"2018-05-02",3,"31984","31,000-31,999",NA,"6","0-10","20-40%","0.05",5,"0.05",5,"0",0,"0",0,"0.9",90,"0",0,"3",100,"0",0,"0",0,"0",0,"0",0
"421","125",2018-05-17 10:56:35,"2018-05-09",3,"128152","128,000-128,999","one rollover","50","41-50","60-80%","3hr",1.47058823529412,"195hr",95.5882352941176,"1hr",0.49019607843137,"3hr",1.47058823529412,"2hr",0.98039215686275,"10 hr",20,"40 hr",80,"0",0,"0",0,"0",0,"0",0
"422","126",2018-05-17 10:54:48,"2018-05-09",3,"132293","132,000-132,999","one rollover","50","41-50","60-80%","3hr",1.47058823529412,"195hr",95.5882352941176,"1hr",0.49019607843137,"3hr",1.47058823529412,"2hr",0.98039215686275,"5 hr",10,"45 hr",90,"0",0,"0",0,"0",0,"0",0
"423","127",2018-05-10 13:37:36,"2018-05-08",3,"50336","50,000-50,999",NA," 10-15"," 11-20","40-60%","0.3",30,"0.2",20,"0",0,"0",0,"0.5",50,"2",28.5714285714285,"5",71.4285714285714,"0",0,"0",0,"0",0,"0",0
"424","128",2018-05-10 13:17:48,"2018-05-02",3,"30377","30,000-30,999",NA,"24","21-30","0-20%","0",0,"45",45,"0",0,"10",10,"45",45,"0",0,"5",100,"0",0,"0",0,"0",0,"0",0
"425","129",2018-05-09 16:32:41,"2018-05-02",3,"100007","100,000-100,999","one rollover","10","0-10","0-20%","2",20,"0",0,"0",0,"0",0,"8",80,"1hr/wk",10,"9hr/wk",90,"0",0,"0",0,"0",0,"0",0
"426","130",2018-05-10 12:56:38,"2018-05-02",3,"55259","55,000-55,999",NA,"15 to 20"," 11-20","40-60%","0",0,"0.2",20,"0",0,"0.05",5,"0.75",75,"1",12.5,"5",62.5,"0",0,"0",0,"2",25,"0",0
"427","131",2018-05-10 12:59:23,"2018-05-02",3,"77729","77,000-77,999",NA,"20 to 30","21-30","40-60%","0 to 5",2.63157894736842,"70",73.6842105263158,"0",0,"0 to 5",2.63157894736842,"20",21.0526315789474,"2",12.5,"10",62.5,"0",0,"0",0,"0",0,"4",25
"428","132",2018-05-10 13:36:49,"2018-05-01",3,"191108","191,000-191,999",NA,"30","21-30","40-60%","0",0,"0.9",90,"0",0,"0",0,"0.1",10,"2",28.5714285714285,"5",71.4285714285714,"0",0,"0",0,"0",0,"0",0
"429","133",2018-05-17 10:46:51,"2018-05-09",3,"115165","115,000-115,999","one rollover",NA,NA,"40-60%","0.1",10,"0.5",50,"0.1",10,"0.05",5,"0.25",25,"5",31.25,"7",43.75,"2",12.5,"0",0,"0",0,"2",12.5
"430","134",2018-05-10 13:15:38,"2018-05-02",3,"117519","117,000-117,999",NA,"17 to 20"," 11-20","40-60%","0.05",5,"0.8",80,"0.05",5,"0.05",5,"0.05",5,"3",37.5,"5",62.5,"0",0,"0",0,"0",0,"0",0
"431","135",2018-05-17 10:58:40,"2018-05-09",3,"13189","13,000-13,999",NA,"13"," 11-20","20-40%","0.15",15,"0.05",5,"0.05",5,"0",0,"0.75",75,"1",5.88235294117647,"7",41.1764705882352,"0",0,"0",0,"2",11.7647058823529,"7",41.1764705882352
"432","136",2018-05-10 13:25:37,"2018-05-03",3,"201492","201,000-201,999","rolled over twice","20"," 11-20","0-20%","0.1",10,"0.3",30,"0",0,"0",0,"0.6",60,"0",0,"7",63.636363636363,"0",0,"0",0,"0",0,"4",36.3636363636363
"433","137",2018-05-17 11:03:43,"2018-05-09",3,"103798","103,000-103,999",NA,"50","41-50","60-80%","0",0,"40",40,"0",0,"0",0,"60",60,"1",1.63934426229508,"60",98.3606557377049,"0",0,"0",0,"0",0,"0",0
"434","138",2018-05-10 13:23:00,"2018-05-02",3,"90462","90,000-90,999",NA,"30","21-30","80-100%","0.1",10,"0.6",60,"0",0,"0.15",15,"0.15",15,"0",0,"6",100,"0",0,"0",0,"0",0,"0",0
"435","139",2018-05-10 13:13:08,"2018-05-02",3,"30881","30,000-30,999","pedomiter got reset","4 to 5 ","0-10","20-40%","0.05",5,"0.1",10,"0",0,"0.05",5,"0.8",80,"1",25,"3",75,"0",0,"0",0,"0",0,"0",0
"436","140",2018-05-10 13:18:51,"2018-05-02",3,"50405","50,000-50,999",NA,"6","0-10","20-40%","0",0,"0.5",50,"0",0,"0",0,"0.5",50,"0.5",50,"0.5",50,"0",0,"0",0,"0",0,"0",0
"437","141",2018-05-09 16:09:34,"2018-05-02",3,"152354","152,000-152,999",NA,"100 (14 to 15 hours daily)","91-100","60-80%","5",5,"40",40,"5",5,"10",10,"40",40,"4",36.363636363636,"7",63.6363636363,"0",0,"0",0,"0",0,"0",0
"438","142",2018-05-10 13:08:04,"2018-05-02",3,"72195","72,000-72,999",NA,"20"," 11-20","60-80%","0",0,"0.9",90,"0.05",5,"0",0,"0.05",5,"0",0,"1",100,"0",0,"0",0,"0",0,"0",0
"439","143",2018-05-10 12:57:38,"2018-05-02",3,"32445","32,000-32,999","no rollover","16"," 11-20","0-20%","0.2",20,"0.05",5,"0.05",5,"0.2",20,"0.5",50,"1",33.33333333,"2",66.6666666,"0",0,"0",0,"0",0,"0",0
"440","144",2018-05-09 16:26:28,"2018-05-02",3,"44215","44,000-44,999","no rollover","10","0-10","0-20%","0",0,"60",60,"0",0,"0",0,"40",40,"0",0,"2",100,"0",0,"0",0,"0",0,"0",0
"441","145",2018-06-08 10:20:09,"6/8/0218",3,"108208","108,000-108,999","one rollover","20"," 11-20","60-80%","0.1",10,"0.1",10,"0.6",60,"0.1",10,"0.1",10,"3 days/week",15,"7 days/week",35,"0",0,"4 days/week",20,"5 days/week",25,"1 day/week",5
"442","146",2018-05-09 15:53:25,"2018-05-02",3,"137621","137,000-137,999",NA,"6","0-10","20-40%","0",0,"0",0,"0",0,"0.25",25,"0.75",75,"2",33.333333333,"4",66.6666666,"0",0,"0",0,"0",0,"0",0
"443","147",2018-05-09 16:08:39,"2018-05-02",3,"129754","129,000-129,999","one rollover","5","0-10","40-60%","0",0,"0.5",50,"0.25",25,"0",0,"0.25",25,"0",0,"yes",-50,"0",0,"yes",-50,"yes",-50,"yes",-50
"444","148",2018-05-10 13:01:23,"2018-05-02",3,"22280","22,000-22,999",NA,"9 to 12 hr/week",NA,"40-60%","0",0,"0.85",85,"0",0,"0.05",5,"0.1",10,"7 to 9",64,"2 to 3",20,"0",0,"0",0,"0",0,"1 to 3",16
"445","149",2018-05-09 15:59:15,"2018-05-02",3,"3651","3,000-3,999","reset ","8","0-10","20-40%","0",0,"0.2",20,"0",0,"0",0,"0.8",80,"2",25,"6",75,"0",0,"0",0,"0",0,"0",0
"446","150",2018-05-17 10:38:43,"2018-05-10",3,"102367","102,000-102,999",NA,"around 49 hours",NA,"80-100%","0.05",5,"0.65",65,"0.05",5,"0.05",5,"0.2",20,"0",0,"all of the time",100,"0",0,"0",0,"0",0,"0",0
"447","151",2018-05-17 10:50:35,"2018-05-09",3,"117913","117,000-117,999","one rollover","10","0-10","20-40%","10",10,"50",50,"0",0,"0",0,"40",40,"5",45.4545454545454,"5",45.4545454545454,"1",9.09090909090909,"0",0,"0",0,"0",0
"448","152",2018-05-17 11:01:22,"2018-05-09",3,"300698","300,000-300,999","rolled over 3 times","40","31-40","40-60%","0.1",10,"0.4",40,"0",0,"0.1",10,"0.4",40,"4",57.1428571428571,"3",42.8571428571428,"0",0,"0",0,"0",0,"0",0
"449","155",2018-05-17 10:40:40,"2018-05-10",3,"102534","102,000-102,999","one rollover","10 to 15"," 11-20","40-60%","30",30,"10",10,"20",20,"10",10,"30",30,"0",0,"3 to 4 days a week",77.77777777777,"0",0,"0",0,"1 day a week",22.2222222222222,"0",0
"450","156",NA,"2018-05-02",3,"33334","33,000-33,999",NA,"10 to 15"," 11-20","40-60%","0.1",10,"0.25",25,"0",0,"0.25",25,"0.4",40,"0",0,"5,",5,"0",0,"0",0,"0",0,"0",0
"451","157",2018-05-09 16:31:23,"2018-05-02",3,"113325","113,000-113,999",NA,"50 to 60","51-60","60-80%","5",5,"80",80,"0",0,"0",0,"15",15,"0",0,"7 days",100,"0",0,"0",0,"0",0,"0",0
"452","158",2018-05-08 16:24:45,"2018-05-02",3,"33334","33,000-33,999",NA,"12.5"," 11-20","40-60%","10",10,"25",25,"0",0,"25",25,"40",40,"0",0,"5",NA,NA,NA,NA,NA,NA,NA,NA,NA
"453","159",2018-05-09 15:54:51,"2018-05-02",3,"20132","20,000-20,999",NA,"45","41-50","20-40%","0.05",4.54545454545454,"0.2",18.1818181818182,"0.1",9.09090909090909,"0.15",13.6363636363636,"0.6",54.5454545454545,"1 to 2",25,"3 to 4",58.3333333333333,"1",16,"0",0,"0",0,"0",0
"454","160",2018-05-10 13:23:59,"2018-05-02",3,"47033","47,000-47,999",NA,"12"," 11-20","20-40%","20",20,"5",5,"5",5,"0",0,"70",70,"1",25,"3",75,"0",0,"0",0,"0",0,"0",0
